Champion,wr,wrdelta,rankwr,Pick Rate,Ban Rate,PBI Index,lane,games,rank,wrdiff,PBIno
Talon,62.88,11.35,58.25,10.91,24.46,67.0,jungle lane,1347.0,CHALLENGER,4.630000000000003,14.470842332613383
Riven,63.87,11.36,58.25,5.11,6.64,31.0,top lane,631.0,CHALLENGER,5.619999999999997,5.516014234875447
Jinx,61.7,8.77,58.25,5.92,1.36,21.0,bottom lane,731.0,CHALLENGER,3.450000000000003,6.0869565217391255
Zed,62.56,8.36,58.25,9.35,30.44,58.0,middle lane,1154.0,CHALLENGER,4.310000000000002,13.457076566125282
Thresh,60.21,8.02,58.25,4.64,5.5,10.0,support lane,573.0,CHALLENGER,1.9600000000000009,5.102040816326529
Karthus,61.1,5.19,58.25,3.54,5.88,11.0,bottom lane,437.0,CHALLENGER,2.8500000000000014,3.8596491228070158
Katarina,63.25,15.61,58.25,6.24,14.5,36.0,middle lane,770.0,CHALLENGER,5.0,7.2
Lee Sin,60.24,7.79,58.25,14.88,11.19,33.0,jungle lane,1836.0,CHALLENGER,1.990000000000002,16.582914572864304
Senna,62.82,13.47,58.25,7.24,2.25,34.0,support lane,893.0,CHALLENGER,4.57,7.439824945295404
Irelia,59.64,6.8,58.25,5.38,13.21,9.0,top lane,664.0,CHALLENGER,1.3900000000000006,6.474820143884889
Bard,58.7,7.22,58.25,13.04,9.89,7.0,support lane,1610.0,CHALLENGER,0.45000000000000284,15.555555555555458
Ashe,60.27,7.77,58.25,11.32,4.32,24.0,bottom lane,1397.0,CHALLENGER,2.020000000000003,11.881188118811863
Karma,57.83,8.24,58.25,10.66,9.52,-5.0,support lane,1316.0,CHALLENGER,-0.4200000000000017,-11.904761904761857
Ahri,61.47,10.97,58.25,13.56,4.1,46.0,middle lane,1674.0,CHALLENGER,3.219999999999999,14.28571428571429
Jayce,57.96,8.21,58.25,9.52,10.78,-3.0,top lane,1175.0,CHALLENGER,-0.28999999999999915,-10.344827586206927
Naafiri,59.3,8.0,58.25,10.15,35.01,16.0,jungle lane,1253.0,CHALLENGER,1.0499999999999972,15.23809523809528
Olaf,61.5,7.65,58.25,3.45,2.62,12.0,top lane,426.0,CHALLENGER,3.25,3.6923076923076925
Draven,59.32,11.65,58.25,4.78,24.8,7.0,bottom lane,590.0,CHALLENGER,1.0700000000000003,6.542056074766354
Seraphine,58.25,5.66,58.25,6.38,3.27,0.0,support lane,788.0,CHALLENGER,0.0,
Qiyana,59.64,12.09,58.25,9.42,10.14,15.0,middle lane,1162.0,CHALLENGER,1.3900000000000006,10.791366906474815
Vladimir,61.17,13.65,58.25,6.78,8.42,22.0,middle lane,837.0,CHALLENGER,2.9200000000000017,7.534246575342461
Graves,58.55,5.56,58.25,13.98,21.16,5.0,jungle lane,1725.0,CHALLENGER,0.29999999999999716,16.666666666666824
Nami,56.04,6.83,58.25,8.65,3.65,-20.0,support lane,1067.0,CHALLENGER,-2.210000000000001,-9.049773755656105
Yunara,59.6,7.65,58.25,9.41,2.27,13.0,bottom lane,1161.0,CHALLENGER,1.3500000000000014,9.629629629629619
Gangplank,63.47,14.05,58.25,3.04,4.07,17.0,top lane,375.0,CHALLENGER,5.219999999999999,3.2567049808429127
Ekko,62.07,9.75,58.25,4.46,2.9,18.0,middle lane,551.0,CHALLENGER,3.8200000000000003,4.712041884816753
Rell,61.27,7.78,58.25,4.35,1.12,13.0,support lane,537.0,CHALLENGER,3.020000000000003,4.3046357615894
Ambessa,57.97,8.99,58.25,7.83,22.38,-3.0,jungle lane,966.0,CHALLENGER,-0.28000000000000114,-10.714285714285671
Smolder,59.02,7.05,58.25,14.59,17.64,14.0,bottom lane,1801.0,CHALLENGER,0.7700000000000031,18.18181818181811
Nautilus,56.19,9.47,58.25,9.56,11.62,-22.0,support lane,1180.0,CHALLENGER,-2.0600000000000023,-10.679611650485425
Yasuo,58.94,11.6,58.25,6.12,18.24,5.0,middle lane,755.0,CHALLENGER,0.6899999999999977,7.246376811594227
Jhin,56.73,7.46,58.25,12.15,0.49,-19.0,bottom lane,1500.0,CHALLENGER,-1.5200000000000031,-12.499999999999975
Rek'Sai,61.61,9.13,58.25,4.33,2.3,15.0,jungle lane,534.0,CHALLENGER,3.3599999999999994,4.464285714285715
Singed,59.53,3.86,58.25,6.17,1.96,8.0,top lane,761.0,CHALLENGER,1.2800000000000011,6.249999999999995
Sona,60.35,8.08,58.25,5.13,1.69,11.0,support lane,633.0,CHALLENGER,2.1000000000000014,5.238095238095235
Rengar,59.07,10.23,58.25,7.68,27.11,9.0,jungle lane,948.0,CHALLENGER,0.8200000000000003,10.975609756097557
Lucian,58.65,7.76,58.25,9.97,2.89,4.0,bottom lane,1231.0,CHALLENGER,0.3999999999999986,10.000000000000036
Soraka,59.77,7.55,58.25,4.31,2.27,7.0,support lane,532.0,CHALLENGER,1.5200000000000031,4.605263157894727
Vayne,58.71,10.37,58.25,9.16,12.95,5.0,top lane,1131.0,CHALLENGER,0.46000000000000085,10.869565217391283
Ezreal,55.59,7.8,58.25,24.21,16.59,-77.0,bottom lane,2988.0,CHALLENGER,-2.6599999999999966,-28.94736842105267
Akali,57.27,5.69,58.25,8.02,19.71,-10.0,middle lane,990.0,CHALLENGER,-0.9799999999999969,-10.204081632653093
Master Yi,62.4,14.75,58.25,5.0,13.85,24.0,jungle lane,617.0,CHALLENGER,4.149999999999999,5.783132530120484
Camille,61.28,9.69,58.25,3.41,0.98,10.0,top lane,421.0,CHALLENGER,3.030000000000001,3.300330033003299
Pyke,54.7,7.38,58.25,6.55,37.35,-37.0,support lane,808.0,CHALLENGER,-3.549999999999997,-10.422535211267615
Lulu,57.08,6.56,58.25,6.98,8.08,-9.0,support lane,862.0,CHALLENGER,-1.1700000000000017,-7.692307692307681
Taliyah,63.11,8.05,58.25,3.65,1.06,18.0,middle lane,450.0,CHALLENGER,4.859999999999999,3.703703703703704
Viego,58.59,11.87,58.25,8.63,5.52,3.0,jungle lane,1065.0,CHALLENGER,0.3400000000000034,8.823529411764618
Janna,62.08,7.43,58.25,4.29,2.1,17.0,support lane,530.0,CHALLENGER,3.8299999999999983,4.438642297650133
Fiora,60.99,4.21,58.25,6.85,9.66,21.0,top lane,846.0,CHALLENGER,2.740000000000002,7.664233576642331
Hecarim,59.47,15.86,58.25,3.98,8.13,5.0,jungle lane,491.0,CHALLENGER,1.2199999999999989,4.098360655737709
Akshan,60.65,8.99,58.25,5.52,6.37,14.0,middle lane,681.0,CHALLENGER,2.3999999999999986,5.833333333333337
Samira,60.34,14.31,58.25,4.23,4.41,9.0,bottom lane,522.0,CHALLENGER,2.0900000000000034,4.306220095693773
Blitzcrank,59.25,8.18,58.25,2.8,5.83,3.0,support lane,346.0,CHALLENGER,1.0,3.0
Rumble,59.18,7.95,58.25,3.97,3.43,4.0,top lane,490.0,CHALLENGER,0.9299999999999997,4.301075268817206
Aurelion Sol,60.77,14.94,58.25,3.16,0.93,8.0,bottom lane,390.0,CHALLENGER,2.520000000000003,3.174603174603171
Bel'Veth,65.78,11.17,58.25,2.44,8.01,20.0,jungle lane,301.0,CHALLENGER,7.530000000000001,2.6560424966799463
Sylas,57.94,10.25,58.25,7.4,10.42,-3.0,middle lane,913.0,CHALLENGER,-0.3100000000000023,-9.677419354838639
Garen,61.31,17.44,58.25,2.47,2.8,8.0,top lane,305.0,CHALLENGER,3.0600000000000023,2.6143790849673185
Kayn,60.37,11.28,58.25,5.19,3.25,11.0,jungle lane,641.0,CHALLENGER,2.1199999999999974,5.1886792452830255
Aurora,58.6,10.01,58.25,8.77,3.36,3.0,middle lane,1082.0,CHALLENGER,0.3500000000000014,8.571428571428537
Milio,59.37,11.75,58.25,3.33,3.69,4.0,support lane,411.0,CHALLENGER,1.1199999999999974,3.5714285714285796
Elise,57.52,3.48,58.25,2.16,3.34,-2.0,support lane,266.0,CHALLENGER,-0.7299999999999969,-2.739726027397272
Orianna,57.06,7.75,58.25,5.74,3.23,-7.0,middle lane,708.0,CHALLENGER,-1.1899999999999977,-5.882352941176482
Nidalee,60.22,7.18,58.25,4.44,2.78,9.0,jungle lane,548.0,CHALLENGER,1.9699999999999989,4.5685279187817285
Darius,59.01,3.59,58.25,2.29,10.13,2.0,top lane,283.0,CHALLENGER,0.759999999999998,2.631578947368428
Jax,55.9,7.71,58.25,4.46,15.82,-12.0,top lane,551.0,CHALLENGER,-2.3500000000000014,-5.106382978723401
Shaco,60.66,12.23,58.25,2.97,8.58,8.0,jungle lane,366.0,CHALLENGER,2.4099999999999966,3.3195020746888013
Brand,61.94,9.63,58.25,3.09,5.09,12.0,bottom lane,381.0,CHALLENGER,3.6899999999999977,3.2520325203252054
Zoe,59.25,7.03,58.25,5.21,9.95,6.0,middle lane,643.0,CHALLENGER,1.0,6.0
Rakan,58.89,5.74,58.25,2.78,0.68,2.0,support lane,343.0,CHALLENGER,0.6400000000000006,3.1249999999999973
Alistar,58.02,7.9,58.25,3.84,2.06,-1.0,support lane,474.0,CHALLENGER,-0.22999999999999687,-4.347826086956581
Lissandra,57.79,6.4,58.25,4.32,2.35,-2.0,middle lane,533.0,CHALLENGER,-0.46000000000000085,-4.3478260869565135
Aatrox,59.69,4.24,58.25,3.72,6.23,6.0,jungle lane,459.0,CHALLENGER,1.4399999999999977,4.166666666666673
Xin Zhao,56.11,6.3,58.25,10.74,4.57,-24.0,jungle lane,1326.0,CHALLENGER,-2.1400000000000006,-11.214953271028035
LeBlanc,56.77,8.56,58.25,7.18,15.68,-13.0,middle lane,886.0,CHALLENGER,-1.4799999999999969,-8.783783783783802
Caitlyn,55.33,6.18,58.25,10.95,16.81,-38.0,bottom lane,1352.0,CHALLENGER,-2.9200000000000017,-13.013698630136979
Leona,58.39,5.38,58.25,3.33,2.86,0.0,support lane,411.0,CHALLENGER,0.14000000000000057,0.0
Anivia,56.95,0.66,58.25,4.78,7.23,-7.0,middle lane,590.0,CHALLENGER,-1.2999999999999972,-5.384615384615397
Corki,60.55,6.17,58.25,3.8,0.89,9.0,bottom lane,469.0,CHALLENGER,2.299999999999997,3.9130434782608745
Jarvan IV,57.38,9.08,58.25,11.64,2.51,-10.0,jungle lane,1436.0,CHALLENGER,-0.8699999999999974,-11.494252873563251
Lux,55.45,7.74,58.25,2.6,1.15,-7.0,support lane,321.0,CHALLENGER,-2.799999999999997,-2.5000000000000027
Kha'Zix,56.84,5.86,58.25,7.53,4.53,-11.0,jungle lane,929.0,CHALLENGER,-1.4099999999999966,-7.801418439716331
Vel'Koz,60.73,23.23,58.25,1.55,0.91,4.0,bottom lane,191.0,CHALLENGER,2.479999999999997,1.6129032258064537
Syndra,58.93,6.49,58.25,5.44,3.42,4.0,middle lane,672.0,CHALLENGER,0.6799999999999997,5.882352941176473
Kai'Sa,54.16,7.58,58.25,11.88,2.34,-50.0,bottom lane,1466.0,CHALLENGER,-4.090000000000003,-12.224938875305613
Braum,57.98,5.12,58.25,3.05,8.88,-1.0,support lane,376.0,CHALLENGER,-0.2700000000000031,-3.7037037037036606
Twisted Fate,58.1,6.21,58.25,5.7,0.77,-1.0,middle lane,704.0,CHALLENGER,-0.14999999999999858,-6.66666666666673
Fiddlesticks,64.5,14.15,58.25,1.62,2.17,10.0,jungle lane,200.0,CHALLENGER,6.25,1.6
Shen,59.53,13.41,58.25,2.42,1.47,3.0,top lane,299.0,CHALLENGER,1.2800000000000011,2.343749999999998
Kalista,61.57,8.6,58.25,4.34,0.42,14.0,bottom lane,536.0,CHALLENGER,3.3200000000000003,4.216867469879518
Kayle,63.04,11.61,58.25,2.08,3.27,10.0,middle lane,257.0,CHALLENGER,4.789999999999999,2.0876826722338206
Tryndamere,59.69,14.79,58.25,2.63,1.76,4.0,top lane,325.0,CHALLENGER,1.4399999999999977,2.777777777777782
Swain,60.78,14.76,58.25,2.29,0.89,6.0,bottom lane,283.0,CHALLENGER,2.530000000000001,2.3715415019762833
Pantheon,56.61,6.46,58.25,4.35,1.38,-7.0,jungle lane,537.0,CHALLENGER,-1.6400000000000006,-4.268292682926828
Neeko,55.77,12.81,58.25,3.37,1.06,-8.0,support lane,416.0,CHALLENGER,-2.479999999999997,-3.2258064516129075
Udyr,60.8,9.6,58.25,2.03,1.92,5.0,jungle lane,250.0,CHALLENGER,2.549999999999997,1.9607843137254923
Varus,57.1,7.22,58.25,5.48,5.45,-7.0,top lane,676.0,CHALLENGER,-1.1499999999999986,-6.086956521739138
Viktor,57.66,8.32,58.25,9.15,4.1,-6.0,middle lane,1129.0,CHALLENGER,-0.5900000000000034,-10.16949152542367
Aphelios,59.57,7.97,58.25,3.43,1.44,5.0,bottom lane,423.0,CHALLENGER,1.3200000000000003,3.787878787878787
Nunu & Willump,64.07,15.76,58.25,2.19,0.99,13.0,jungle lane,270.0,CHALLENGER,5.819999999999993,2.23367697594502
Zeri,57.48,13.13,58.25,5.79,0.36,-4.0,bottom lane,715.0,CHALLENGER,-0.7700000000000031,-5.194805194805173
Yone,56.27,11.72,58.25,6.52,1.96,-13.0,middle lane,805.0,CHALLENGER,-1.9799999999999969,-6.565656565656576
Gwen,61.14,10.26,58.25,1.71,3.26,5.0,top lane,211.0,CHALLENGER,2.8900000000000006,1.7301038062283733
Annie,60.7,6.35,58.25,6.97,1.07,17.0,middle lane,860.0,CHALLENGER,2.450000000000003,6.938775510204073
Kennen,60.32,12.22,58.25,1.53,2.2,3.0,top lane,189.0,CHALLENGER,2.0700000000000003,1.4492753623188404
Ryze,57.4,6.82,58.25,7.17,1.57,-6.0,middle lane,885.0,CHALLENGER,-0.8500000000000014,-7.058823529411753
Zilean,52.1,5.34,58.25,2.32,2.01,-15.0,support lane,286.0,CHALLENGER,-6.149999999999999,-2.439024390243903
Twitch,56.59,11.69,58.25,2.95,4.49,-5.0,bottom lane,364.0,CHALLENGER,-1.6599999999999966,-3.0120481927710907
Nocturne,57.95,5.98,58.25,4.74,5.59,-2.0,jungle lane,585.0,CHALLENGER,-0.29999999999999716,-6.66666666666673
Sett,66.42,10.45,58.25,1.11,1.09,9.0,top lane,137.0,CHALLENGER,8.170000000000002,1.1015911872705015
Poppy,64.67,21.19,58.25,1.49,4.68,10.0,top lane,184.0,CHALLENGER,6.420000000000002,1.5576323987538936
Xerath,56.35,2.38,58.25,4.08,2.73,-8.0,middle lane,504.0,CHALLENGER,-1.8999999999999986,-4.210526315789477
Nilah,63.31,16.4,58.25,1.37,2.16,7.0,bottom lane,169.0,CHALLENGER,5.060000000000002,1.3833992094861653
Evelynn,62.96,19.34,58.25,1.31,2.36,6.0,jungle lane,162.0,CHALLENGER,4.710000000000001,1.273885350318471
Xayah,60.2,7.94,58.25,2.38,0.51,5.0,bottom lane,294.0,CHALLENGER,1.9500000000000028,2.5641025641025603
Teemo,62.79,7.36,58.25,1.74,1.84,8.0,top lane,215.0,CHALLENGER,4.539999999999999,1.7621145374449343
Taric,57.4,6.47,58.25,1.37,0.15,-1.0,support lane,169.0,CHALLENGER,-0.8500000000000014,-1.1764705882352922
Malphite,55.9,6.71,58.25,3.44,16.81,-10.0,top lane,424.0,CHALLENGER,-2.3500000000000014,-4.2553191489361675
Kog'Maw,58.42,7.18,58.25,1.64,0.38,0.0,bottom lane,202.0,CHALLENGER,0.1700000000000017,0.0
Lillia,59.59,7.66,58.25,3.55,1.32,5.0,jungle lane,438.0,CHALLENGER,1.3400000000000034,3.73134328358208
Hwei,60.35,8.87,58.25,3.25,1.29,7.0,middle lane,401.0,CHALLENGER,2.1000000000000014,3.3333333333333313
Urgot,61.87,10.79,58.25,1.13,0.65,4.0,top lane,139.0,CHALLENGER,3.6199999999999974,1.1049723756906085
Diana,57.26,1.43,58.25,4.02,2.77,-4.0,middle lane,496.0,CHALLENGER,-0.990000000000002,-4.040404040404033
Yuumi,42.77,-2.91,58.25,1.29,6.24,-21.0,support lane,159.0,CHALLENGER,-15.479999999999997,-1.356589147286822
Galio,58.02,3.88,58.25,3.44,1.5,-1.0,middle lane,424.0,CHALLENGER,-0.22999999999999687,-4.347826086956581
Miss Fortune,55.29,5.92,58.25,2.37,0.2,-7.0,bottom lane,293.0,CHALLENGER,-2.960000000000001,-2.364864864864864
Cho'Gath,60.74,9.21,58.25,2.19,0.41,5.0,top lane,270.0,CHALLENGER,2.490000000000002,2.0080321285140545
Ivern,58.79,8.79,58.25,1.34,0.65,1.0,jungle lane,165.0,CHALLENGER,0.5399999999999991,1.8518518518518547
Skarner,58.04,8.36,58.25,1.81,0.3,0.0,jungle lane,224.0,CHALLENGER,-0.21000000000000085,0.0
Zaahen,58.14,10.01,58.25,1.74,1.72,0.0,top lane,215.0,CHALLENGER,-0.10999999999999943,0.0
Sivir,53.13,3.78,58.25,3.75,2.16,-20.0,bottom lane,463.0,CHALLENGER,-5.119999999999997,-3.9062500000000018
Cassiopeia,56.83,10.11,58.25,4.39,2.57,-6.0,middle lane,542.0,CHALLENGER,-1.4200000000000017,-4.225352112676052
Dr. Mundo,56.28,3.37,58.25,1.74,2.44,-4.0,top lane,215.0,CHALLENGER,-1.9699999999999989,-2.0304568527918794
Nasus,62.77,14.77,58.25,1.11,2.13,5.0,middle lane,137.0,CHALLENGER,4.520000000000003,1.106194690265486
Kindred,55.22,2.86,58.25,4.27,3.59,-13.0,jungle lane,527.0,CHALLENGER,-3.030000000000001,-4.290429042904289
Tristana,53.6,8.38,58.25,2.81,0.96,-13.0,bottom lane,347.0,CHALLENGER,-4.649999999999999,-2.795698924731184
Volibear,62.71,21.25,58.25,0.96,0.92,4.0,top lane,118.0,CHALLENGER,4.460000000000001,0.896860986547085
Ziggs,53.85,5.4,58.25,2.21,0.29,-10.0,bottom lane,273.0,CHALLENGER,-4.399999999999999,-2.2727272727272734
Kled,58.6,4.28,58.25,1.27,0.63,0.0,top lane,157.0,CHALLENGER,0.3500000000000014,0.0
Vi,58.28,10.85,58.25,4.16,0.59,0.0,jungle lane,513.0,CHALLENGER,0.030000000000001137,0.0
Kassadin,56.09,6.09,58.25,5.06,4.9,-11.0,middle lane,624.0,CHALLENGER,-2.1599999999999966,-5.0925925925926006
Shyvana,57.66,11.66,58.25,2.7,3.37,-2.0,jungle lane,333.0,CHALLENGER,-0.5900000000000034,-3.3898305084745566
Mel,52.21,7.95,58.25,2.2,22.55,-17.0,bottom lane,272.0,CHALLENGER,-6.039999999999999,-2.8145695364238414
K'Sante,51.34,2.07,58.25,4.23,2.58,-30.0,top lane,522.0,CHALLENGER,-6.909999999999997,-4.3415340086830705
Rammus,62.16,11.31,58.25,1.2,1.49,5.0,jungle lane,148.0,CHALLENGER,3.9099999999999966,1.2787723785166252
Yorick,59.28,7.76,58.25,1.57,2.92,2.0,top lane,194.0,CHALLENGER,1.0300000000000011,1.9417475728155318
Quinn,61.26,4.66,58.25,0.9,0.64,3.0,middle lane,111.0,CHALLENGER,3.009999999999998,0.996677740863788
Zyra,57.14,10.99,58.25,1.25,2.1,-1.0,jungle lane,154.0,CHALLENGER,-1.1099999999999994,-0.9009009009009014
Mordekaiser,57.69,-0.72,58.25,0.84,2.22,0.0,top lane,104.0,CHALLENGER,-0.5600000000000023,0.0
Zac,56.96,9.86,58.25,1.86,1.51,-2.0,jungle lane,230.0,CHALLENGER,-1.2899999999999991,-1.5503875968992258
Fizz,57.47,9.92,58.25,2.5,1.86,-2.0,middle lane,308.0,CHALLENGER,-0.7800000000000011,-2.5641025641025603
Briar,55.07,8.86,58.25,1.68,2.79,-5.0,jungle lane,207.0,CHALLENGER,-3.1799999999999997,-1.5723270440251573
Sion,49.91,1.43,58.25,4.32,1.14,-36.0,top lane,533.0,CHALLENGER,-8.340000000000003,-4.316546762589926
Wukong,52.63,13.05,58.25,0.92,0.5,-5.0,jungle lane,114.0,CHALLENGER,-5.619999999999997,-0.8896797153024915
Gragas,54.34,2.0,58.25,1.77,0.62,-7.0,top lane,219.0,CHALLENGER,-3.9099999999999966,-1.7902813299232752
Ornn,54.78,8.11,58.25,1.86,0.48,-6.0,top lane,230.0,CHALLENGER,-3.469999999999999,-1.7291066282420755
Azir,53.71,5.68,58.25,3.27,0.39,-15.0,middle lane,404.0,CHALLENGER,-4.539999999999999,-3.303964757709252
Veigar,53.52,7.98,58.25,1.73,0.38,-8.0,middle lane,213.0,CHALLENGER,-4.729999999999997,-1.6913319238900646
Gnar,52.3,8.02,58.25,3.87,1.35,-23.0,top lane,478.0,CHALLENGER,-5.950000000000003,-3.865546218487393
Renekton,51.85,8.03,58.25,3.28,5.15,-22.0,top lane,405.0,CHALLENGER,-6.399999999999999,-3.437500000000001
Vex,55.03,10.59,58.25,1.53,1.83,-5.0,middle lane,189.0,CHALLENGER,-3.219999999999999,-1.552795031055901
Malzahar,51.74,1.23,58.25,2.33,3.86,-16.0,middle lane,288.0,CHALLENGER,-6.509999999999998,-2.4577572964669745
Talon,60.91,6.95,57.62,10.81,22.03,46.0,jungle lane,4464.0,G.MASTER,3.289999999999999,13.981762917933134
Riven,61.39,9.31,57.62,4.07,6.29,16.0,top lane,1681.0,G.MASTER,3.770000000000003,4.244031830238724
Jinx,60.47,10.01,57.62,8.33,1.71,24.0,bottom lane,3440.0,G.MASTER,2.8500000000000014,8.421052631578943
Zed,61.38,9.61,57.62,10.31,30.17,56.0,middle lane,4259.0,G.MASTER,3.760000000000005,14.893617021276576
Nami,58.18,7.83,57.62,12.83,3.86,7.0,support lane,5296.0,G.MASTER,0.5600000000000023,12.499999999999948
Karthus,62.47,4.61,57.62,3.12,4.43,16.0,bottom lane,1287.0,G.MASTER,4.850000000000001,3.2989690721649474
Qiyana,60.56,8.12,57.62,6.18,7.73,20.0,middle lane,2553.0,G.MASTER,2.940000000000005,6.802721088435363
Bard,58.73,6.84,57.62,10.61,8.46,13.0,support lane,4383.0,G.MASTER,1.1099999999999994,11.711711711711718
Irelia,58.71,9.81,57.62,4.09,13.63,5.0,top lane,1688.0,G.MASTER,1.0900000000000034,4.587155963302738
Katarina,59.73,9.4,57.62,8.9,14.68,22.0,middle lane,3675.0,G.MASTER,2.1099999999999994,10.426540284360192
Hecarim,61.21,10.37,57.62,5.92,7.96,23.0,jungle lane,2444.0,G.MASTER,3.5900000000000034,6.406685236768796
Thresh,58.05,6.47,57.62,7.64,5.97,3.0,support lane,3154.0,G.MASTER,0.4299999999999997,6.976744186046516
Ahri,58.74,6.44,57.62,11.75,4.2,14.0,middle lane,4852.0,G.MASTER,1.1200000000000045,12.499999999999948
Graves,58.69,9.01,57.62,13.47,22.43,19.0,jungle lane,5560.0,G.MASTER,1.0700000000000003,17.757009345794387
Seraphine,58.91,7.38,57.62,8.63,3.78,12.0,support lane,3563.0,G.MASTER,1.2899999999999991,9.302325581395355
Smolder,59.66,7.76,57.62,19.99,17.71,50.0,bottom lane,8254.0,G.MASTER,2.039999999999999,24.509803921568636
Vladimir,59.84,6.53,57.62,5.57,8.47,14.0,middle lane,2301.0,G.MASTER,2.220000000000006,6.306306306306289
Karma,56.16,6.22,57.62,11.76,9.24,-19.0,support lane,4854.0,G.MASTER,-1.4600000000000009,-13.013698630136979
Draven,58.56,7.84,57.62,7.42,25.52,9.0,bottom lane,3065.0,G.MASTER,0.9400000000000048,9.574468085106334
Rek'Sai,61.3,6.99,57.62,4.57,2.4,17.0,jungle lane,1889.0,G.MASTER,3.6799999999999997,4.619565217391305
Ashe,60.13,7.54,57.62,13.15,4.89,35.0,bottom lane,5428.0,G.MASTER,2.510000000000005,13.944223107569693
Singed,60.34,8.13,57.62,3.23,1.55,9.0,top lane,1334.0,G.MASTER,2.720000000000006,3.3088235294117574
Ekko,60.12,10.18,57.62,4.15,2.75,11.0,middle lane,1715.0,G.MASTER,2.5,4.4
Rell,58.86,4.31,57.62,6.5,1.14,8.0,support lane,2686.0,G.MASTER,1.240000000000002,6.451612903225796
Olaf,60.39,9.75,57.62,2.97,2.64,8.0,top lane,1227.0,G.MASTER,2.770000000000003,2.8880866425992746
Lee Sin,57.57,6.78,57.62,12.42,10.1,-1.0,jungle lane,5129.0,G.MASTER,-0.04999999999999716,-20.000000000001137
Lissandra,60.92,9.75,57.62,4.75,2.43,16.0,middle lane,1960.0,G.MASTER,3.3000000000000043,4.848484848484842
Senna,58.13,7.39,57.62,7.55,2.34,4.0,support lane,3117.0,G.MASTER,0.5100000000000051,7.843137254901882
Sona,60.67,7.8,57.62,5.17,1.48,16.0,support lane,2133.0,G.MASTER,3.0500000000000043,5.245901639344255
Yasuo,58.43,11.37,57.62,6.05,19.08,6.0,middle lane,2497.0,G.MASTER,0.8100000000000023,7.407407407407387
Naafiri,57.92,9.12,57.62,9.65,34.67,4.0,jungle lane,3985.0,G.MASTER,0.30000000000000426,13.333333333333144
Blitzcrank,60.01,10.73,57.62,3.43,6.65,9.0,support lane,1418.0,G.MASTER,2.3900000000000006,3.7656903765690366
Shaco,61.35,9.12,57.62,3.34,8.79,14.0,jungle lane,1379.0,G.MASTER,3.730000000000004,3.753351206434312
Ezreal,55.24,7.47,57.62,23.12,15.22,-65.0,bottom lane,9546.0,G.MASTER,-2.3799999999999955,-27.31092436974795
Jayce,57.13,5.87,57.62,7.47,9.47,-4.0,top lane,3084.0,G.MASTER,-0.4899999999999949,-8.163265306122534
Pyke,56.01,6.41,57.62,5.6,37.01,-14.0,support lane,2312.0,G.MASTER,-1.6099999999999994,-8.695652173913047
Rengar,59.19,10.89,57.62,4.87,25.0,10.0,jungle lane,2012.0,G.MASTER,1.5700000000000003,6.369426751592355
Darius,58.69,11.47,57.62,4.06,11.2,5.0,top lane,1675.0,G.MASTER,1.0700000000000003,4.672897196261681
Sylas,58.3,6.02,57.62,7.88,10.85,6.0,middle lane,3252.0,G.MASTER,0.6799999999999997,8.82352941176471
Master Yi,59.8,8.57,57.62,5.87,14.32,15.0,jungle lane,2423.0,G.MASTER,2.1799999999999997,6.880733944954129
Jax,57.61,8.44,57.62,5.55,15.53,0.0,top lane,2293.0,G.MASTER,-0.00999999999999801,0.0
Anivia,59.15,8.82,57.62,4.95,6.84,8.0,middle lane,2044.0,G.MASTER,1.5300000000000011,5.228758169934637
Caitlyn,56.93,7.67,57.62,10.45,18.61,-9.0,bottom lane,4314.0,G.MASTER,-0.6899999999999977,-13.043478260869609
Lulu,56.3,7.57,57.62,8.36,8.75,-12.0,support lane,3453.0,G.MASTER,-1.3200000000000003,-9.090909090909088
Akali,56.99,9.04,57.62,7.99,20.58,-6.0,middle lane,3299.0,G.MASTER,-0.6299999999999955,-9.523809523809593
Kha'Zix,59.3,9.26,57.62,6.82,4.85,12.0,jungle lane,2816.0,G.MASTER,1.6799999999999997,7.142857142857144
Camille,60.5,6.0,57.62,3.1,1.08,9.0,top lane,1281.0,G.MASTER,2.8800000000000026,3.1249999999999973
Samira,58.61,11.02,57.62,4.52,4.54,5.0,bottom lane,1865.0,G.MASTER,0.990000000000002,5.05050505050504
Nautilus,54.71,5.94,57.62,9.95,12.03,-33.0,support lane,4107.0,G.MASTER,-2.9099999999999966,-11.340206185567023
Fiora,59.63,10.19,57.62,3.52,9.71,8.0,top lane,1454.0,G.MASTER,2.010000000000005,3.980099502487552
Akshan,58.86,6.74,57.62,4.5,5.88,6.0,middle lane,1857.0,G.MASTER,1.240000000000002,4.838709677419347
Lucian,56.17,7.47,57.62,9.95,2.66,-15.0,bottom lane,4109.0,G.MASTER,-1.4499999999999957,-10.344827586206927
Ambessa,55.25,7.31,57.62,6.34,21.93,-19.0,jungle lane,2619.0,G.MASTER,-2.3699999999999974,-8.01687763713081
Zilean,59.0,10.86,57.62,2.27,2.05,3.0,support lane,939.0,G.MASTER,1.3800000000000026,2.1739130434782568
Vayne,56.78,5.72,57.62,6.29,13.06,-6.0,top lane,2596.0,G.MASTER,-0.8399999999999963,-7.142857142857174
Bel'Veth,61.91,10.62,57.62,2.61,7.72,12.0,jungle lane,1079.0,G.MASTER,4.289999999999999,2.797202797202798
Yone,57.7,9.45,57.62,5.75,2.21,0.0,middle lane,2376.0,G.MASTER,0.0800000000000054,0.0
Yunara,56.55,5.38,57.62,9.98,2.16,-11.0,bottom lane,4122.0,G.MASTER,-1.0700000000000003,-10.280373831775698
Jhin,54.92,6.9,57.62,12.59,0.61,-34.0,bottom lane,5200.0,G.MASTER,-2.6999999999999957,-12.592592592592613
Gangplank,57.98,4.37,57.62,4.31,4.16,2.0,top lane,1780.0,G.MASTER,0.35999999999999943,5.555555555555564
Corki,60.02,7.49,57.62,4.06,0.87,10.0,bottom lane,1676.0,G.MASTER,2.4000000000000057,4.166666666666657
Syndra,59.12,9.27,57.62,5.43,3.4,8.0,middle lane,2243.0,G.MASTER,1.5,5.333333333333333
Viego,56.99,8.71,57.62,8.56,6.36,-6.0,jungle lane,3536.0,G.MASTER,-0.6299999999999955,-9.523809523809593
Milio,57.47,7.91,57.62,4.85,4.22,-1.0,support lane,2001.0,G.MASTER,-0.14999999999999858,-6.66666666666673
Janna,57.7,8.0,57.62,5.3,1.98,0.0,support lane,2189.0,G.MASTER,0.0800000000000054,0.0
Kayn,59.01,7.82,57.62,5.55,3.74,8.0,jungle lane,2291.0,G.MASTER,1.3900000000000006,5.755395683453235
Xin Zhao,56.63,6.22,57.62,7.62,4.93,-8.0,jungle lane,3145.0,G.MASTER,-0.9899999999999949,-8.080808080808122
Soraka,55.97,5.97,57.62,4.2,2.47,-7.0,support lane,1733.0,G.MASTER,-1.6499999999999986,-4.242424242424246
Xerath,57.8,9.89,57.62,4.27,3.02,1.0,middle lane,1763.0,G.MASTER,0.17999999999999972,5.555555555555564
Twitch,58.55,9.36,57.62,4.31,5.24,4.0,bottom lane,1778.0,G.MASTER,0.9299999999999997,4.301075268817206
Jarvan IV,56.98,6.23,57.62,10.07,2.39,-7.0,jungle lane,4159.0,G.MASTER,-0.6400000000000006,-10.937499999999991
Orianna,56.58,5.61,57.62,5.3,2.3,-6.0,middle lane,2188.0,G.MASTER,-1.0399999999999991,-5.769230769230774
Shen,58.82,8.87,57.62,3.35,1.6,4.0,top lane,1384.0,G.MASTER,1.2000000000000028,3.3333333333333255
Kai'Sa,55.02,8.51,57.62,12.75,2.26,-34.0,bottom lane,5264.0,G.MASTER,-2.5999999999999943,-13.076923076923105
LeBlanc,56.87,6.92,57.62,5.06,15.17,-4.0,middle lane,2089.0,G.MASTER,-0.75,-5.333333333333333
Alistar,56.64,4.62,57.62,4.32,1.99,-4.0,support lane,1785.0,G.MASTER,-0.9799999999999969,-4.081632653061238
Vel'Koz,60.19,6.21,57.62,1.76,0.92,5.0,bottom lane,726.0,G.MASTER,2.5700000000000003,1.9455252918287935
Kindred,59.97,9.63,57.62,3.56,3.4,9.0,jungle lane,1469.0,G.MASTER,2.3500000000000014,3.8297872340425507
Twisted Fate,57.89,5.8,57.62,5.08,0.73,1.0,middle lane,2097.0,G.MASTER,0.2700000000000031,3.7037037037036606
Miss Fortune,58.51,11.18,57.62,3.64,0.22,3.0,bottom lane,1504.0,G.MASTER,0.8900000000000006,3.3707865168539306
Udyr,60.31,10.6,57.62,3.0,1.87,8.0,jungle lane,1237.0,G.MASTER,2.690000000000005,2.9739776951672807
Aurelion Sol,58.62,8.29,57.62,2.21,0.87,2.0,middle lane,911.0,G.MASTER,1.0,2.0
Braum,57.5,5.03,57.62,4.34,9.5,-1.0,support lane,1793.0,G.MASTER,-0.11999999999999744,-8.333333333333512
Aatrox,56.64,7.37,57.62,4.65,7.12,-5.0,top lane,1921.0,G.MASTER,-0.9799999999999969,-5.1020408163265465
Nidalee,57.29,3.85,57.62,4.0,2.32,-1.0,jungle lane,1653.0,G.MASTER,-0.3299999999999983,-3.030303030303046
Kog'Maw,61.11,12.91,57.62,2.09,0.42,7.0,bottom lane,864.0,G.MASTER,3.490000000000002,2.0057306590257866
Neeko,56.37,4.3,57.62,2.43,1.05,-3.0,support lane,1004.0,G.MASTER,-1.25,-2.4
Aurora,56.93,7.92,57.62,5.7,3.27,-4.0,middle lane,2352.0,G.MASTER,-0.6899999999999977,-5.797101449275382
Kennen,59.09,6.62,57.62,2.65,2.22,4.0,top lane,1095.0,G.MASTER,1.470000000000006,2.7210884353741385
Leona,56.66,5.67,57.62,4.12,2.94,-4.0,support lane,1703.0,G.MASTER,-0.9600000000000009,-4.166666666666663
Shyvana,61.23,12.22,57.62,3.43,4.17,13.0,jungle lane,1416.0,G.MASTER,3.6099999999999994,3.601108033240998
Zoe,57.62,7.09,57.62,3.64,8.85,0.0,middle lane,1503.0,G.MASTER,0.0,
Zeri,57.54,7.02,57.62,4.33,0.33,0.0,bottom lane,1790.0,G.MASTER,-0.0799999999999983,0.0
Brand,58.29,6.0,57.62,3.49,5.46,2.0,bottom lane,1441.0,G.MASTER,0.6700000000000017,2.985074626865664
Poppy,59.2,5.69,57.62,1.33,3.94,2.0,support lane,549.0,G.MASTER,1.5800000000000054,1.2658227848101222
Ivern,60.26,10.13,57.62,2.19,0.6,6.0,jungle lane,906.0,G.MASTER,2.6400000000000006,2.272727272727272
Viktor,57.25,6.09,57.62,8.66,4.29,-3.0,middle lane,3577.0,G.MASTER,-0.36999999999999744,-8.108108108108164
Rakan,55.7,7.04,57.62,4.2,0.6,-8.0,support lane,1736.0,G.MASTER,-1.9199999999999946,-4.1666666666666785
Zyra,61.0,9.84,57.62,1.31,2.03,5.0,jungle lane,541.0,G.MASTER,3.3800000000000026,1.4792899408284013
Tahm Kench,60.7,11.84,57.62,0.89,0.62,3.0,support lane,369.0,G.MASTER,3.0800000000000054,0.9740259740259724
Aphelios,56.49,8.27,57.62,4.31,1.67,-5.0,bottom lane,1779.0,G.MASTER,-1.1299999999999955,-4.424778761061964
Taric,59.79,7.18,57.62,1.62,0.14,4.0,support lane,669.0,G.MASTER,2.1700000000000017,1.8433179723502289
Varus,56.15,4.9,57.62,4.96,5.02,-8.0,bottom lane,2050.0,G.MASTER,-1.4699999999999989,-5.442176870748304
Diana,58.61,12.57,57.62,3.25,2.94,3.0,jungle lane,1341.0,G.MASTER,0.990000000000002,3.030303030303024
Tryndamere,58.65,5.38,57.62,2.84,1.68,3.0,top lane,1173.0,G.MASTER,1.0300000000000011,2.912621359223298
Kassadin,58.54,8.47,57.62,3.91,5.2,4.0,middle lane,1616.0,G.MASTER,0.9200000000000017,4.3478260869565135
Skarner,59.59,7.39,57.62,1.88,0.28,4.0,jungle lane,777.0,G.MASTER,1.970000000000006,2.030456852791872
Kayle,58.55,4.95,57.62,2.21,3.51,2.0,top lane,912.0,G.MASTER,0.9299999999999997,2.150537634408603
Pantheon,56.57,5.58,57.62,2.54,1.32,-3.0,jungle lane,1050.0,G.MASTER,-1.0499999999999972,-2.8571428571428648
Lux,57.96,9.2,57.62,2.07,1.36,1.0,middle lane,854.0,G.MASTER,0.3400000000000034,2.9411764705882057
Swain,57.22,4.08,57.62,2.11,0.96,-1.0,bottom lane,872.0,G.MASTER,-0.3999999999999986,-2.500000000000009
Tristana,56.72,8.27,57.62,3.66,0.93,-3.0,bottom lane,1511.0,G.MASTER,-0.8999999999999986,-3.333333333333339
Nocturne,58.02,10.41,57.62,4.85,6.65,2.0,jungle lane,2001.0,G.MASTER,0.4000000000000057,4.999999999999929
Taliyah,56.64,6.86,57.62,3.48,1.01,-3.0,middle lane,1439.0,G.MASTER,-0.9799999999999969,-3.061224489795928
K'Sante,55.65,9.22,57.62,4.97,2.59,-10.0,top lane,2054.0,G.MASTER,-1.9699999999999989,-5.076142131979698
Warwick,66.92,16.92,57.62,0.64,0.6,6.0,jungle lane,266.0,G.MASTER,9.300000000000004,0.6451612903225803
Ziggs,60.27,8.1,57.62,1.94,0.32,5.0,bottom lane,803.0,G.MASTER,2.6500000000000057,1.8867924528301847
Renata Glasc,58.33,6.16,57.62,0.61,0.09,0.0,support lane,252.0,G.MASTER,0.7100000000000009,0.0
Maokai,56.71,8.74,57.62,1.21,0.09,-1.0,support lane,499.0,G.MASTER,-0.9099999999999966,-1.098901098901103
Evelynn,61.09,9.3,57.62,2.17,2.3,8.0,jungle lane,897.0,G.MASTER,3.470000000000006,2.3054755043227626
Cassiopeia,57.54,4.51,57.62,2.28,2.08,0.0,middle lane,942.0,G.MASTER,-0.0799999999999983,0.0
Annie,58.67,6.91,57.62,4.38,0.74,5.0,middle lane,1810.0,G.MASTER,1.0500000000000043,4.761904761904742
Fiddlesticks,60.0,5.89,57.62,2.54,1.9,6.0,jungle lane,1050.0,G.MASTER,2.3800000000000026,2.521008403361342
Garen,56.15,6.26,57.62,3.17,3.5,-5.0,top lane,1309.0,G.MASTER,-1.4699999999999989,-3.4013605442176895
Xayah,57.5,5.88,57.62,3.07,0.53,0.0,bottom lane,1266.0,G.MASTER,-0.11999999999999744,0.0
Malphite,55.59,3.79,57.62,4.79,16.87,-12.0,top lane,1977.0,G.MASTER,-2.029999999999994,-5.911330049261101
Sivir,54.95,7.61,57.62,3.82,2.26,-10.0,bottom lane,1576.0,G.MASTER,-2.6699999999999946,-3.7453183520599325
Gwen,57.24,8.22,57.62,1.7,3.76,-1.0,top lane,704.0,G.MASTER,-0.37999999999999545,-2.6315789473684523
Morgana,54.08,10.67,57.62,1.13,6.3,-4.0,support lane,466.0,G.MASTER,-3.539999999999999,-1.129943502824859
Elise,57.64,7.9,57.62,2.9,3.02,0.0,jungle lane,1197.0,G.MASTER,0.020000000000003126,0.0
Rumble,54.68,8.19,57.62,3.21,2.89,-10.0,top lane,1326.0,G.MASTER,-2.9399999999999977,-3.4013605442176895
Kalista,56.64,5.44,57.62,2.9,0.39,-3.0,bottom lane,1197.0,G.MASTER,-0.9799999999999969,-3.061224489795928
Lillia,59.27,8.57,57.62,3.47,1.63,6.0,jungle lane,1434.0,G.MASTER,1.6500000000000057,3.636363636363624
Nunu & Willump,58.69,8.97,57.62,2.58,1.04,3.0,jungle lane,1065.0,G.MASTER,1.0700000000000003,2.8037383177570088
Zac,58.29,8.29,57.62,1.87,1.54,1.0,jungle lane,772.0,G.MASTER,0.6700000000000017,1.492537313432832
Nilah,56.59,3.24,57.62,1.69,2.26,-2.0,bottom lane,698.0,G.MASTER,-1.029999999999994,-1.9417475728155453
Rammus,63.39,8.07,57.62,0.62,1.58,4.0,jungle lane,254.0,G.MASTER,5.770000000000003,0.6932409012131712
Volibear,60.52,13.31,57.62,1.67,1.14,5.0,top lane,689.0,G.MASTER,2.9000000000000057,1.7241379310344793
Kled,57.85,11.24,57.62,1.13,0.61,0.0,top lane,465.0,G.MASTER,0.23000000000000398,0.0
Ryze,53.76,4.18,57.62,5.12,1.3,-20.0,middle lane,2115.0,G.MASTER,-3.8599999999999994,-5.181347150259068
Sion,54.85,8.37,57.62,4.34,1.12,-12.0,top lane,1794.0,G.MASTER,-2.769999999999996,-4.3321299638989235
Yuumi,47.5,7.48,57.62,2.52,6.41,-27.0,support lane,1042.0,G.MASTER,-10.119999999999997,-2.6679841897233207
Teemo,57.78,4.88,57.62,2.86,2.04,0.0,top lane,1182.0,G.MASTER,0.1600000000000037,0.0
Hwei,56.8,6.51,57.62,3.99,1.53,-3.0,middle lane,1646.0,G.MASTER,-0.8200000000000003,-3.6585365853658525
Mordekaiser,57.14,11.84,57.62,2.15,2.8,-1.0,top lane,889.0,G.MASTER,-0.4799999999999969,-2.083333333333347
Zaahen,56.71,7.57,57.62,2.09,2.07,-2.0,top lane,864.0,G.MASTER,-0.9099999999999966,-2.197802197802206
Briar,54.67,7.96,57.62,2.18,3.4,-7.0,jungle lane,900.0,G.MASTER,-2.9499999999999957,-2.372881355932207
Galio,53.7,7.33,57.62,3.37,1.51,-13.0,middle lane,1391.0,G.MASTER,-3.9199999999999946,-3.3163265306122494
Urgot,57.5,9.62,57.62,2.24,0.69,0.0,top lane,927.0,G.MASTER,-0.11999999999999744,0.0
Gragas,57.35,8.93,57.62,2.04,0.76,-1.0,top lane,844.0,G.MASTER,-0.269999999999996,-3.7037037037037583
Vi,55.23,4.94,57.62,2.73,0.57,-7.0,jungle lane,1128.0,G.MASTER,-2.3900000000000006,-2.9288702928870287
Renekton,55.99,5.39,57.62,4.65,5.27,-8.0,top lane,1920.0,G.MASTER,-1.6299999999999955,-4.907975460122713
Wukong,55.01,5.01,57.62,1.14,0.49,-3.0,jungle lane,469.0,G.MASTER,-2.6099999999999994,-1.149425287356322
Dr. Mundo,54.83,5.23,57.62,2.03,2.87,-6.0,top lane,839.0,G.MASTER,-2.789999999999999,-2.150537634408603
Yorick,57.63,7.63,57.62,1.62,3.21,0.0,top lane,668.0,G.MASTER,0.010000000000005116,0.0
Fizz,55.76,8.9,57.62,3.09,2.25,-6.0,middle lane,1275.0,G.MASTER,-1.8599999999999994,-3.2258064516129044
Sejuani,55.27,7.59,57.62,0.57,0.08,-1.0,jungle lane,237.0,G.MASTER,-2.3499999999999943,-0.425531914893618
Sett,56.37,8.47,57.62,1.39,1.14,-2.0,top lane,573.0,G.MASTER,-1.25,-1.6
Vex,56.77,7.57,57.62,2.22,2.14,-2.0,middle lane,916.0,G.MASTER,-0.8499999999999943,-2.352941176470604
Cho'Gath,56.97,4.58,57.62,1.76,0.44,-1.0,top lane,725.0,G.MASTER,-0.6499999999999986,-1.5384615384615419
Veigar,55.26,6.47,57.62,2.07,0.46,-5.0,middle lane,856.0,G.MASTER,-2.3599999999999994,-2.1186440677966107
Quinn,55.6,4.75,57.62,1.1,0.65,-2.0,top lane,455.0,G.MASTER,-2.019999999999996,-0.9900990099009921
Amumu,55.11,8.44,57.62,0.54,0.41,-1.0,jungle lane,225.0,G.MASTER,-2.509999999999998,-0.39840637450199234
Gnar,54.61,6.24,57.62,3.52,1.39,-11.0,top lane,1452.0,G.MASTER,-3.009999999999998,-3.6544850498338897
Nasus,54.97,3.85,57.62,1.19,2.52,-3.0,top lane,493.0,G.MASTER,-2.6499999999999986,-1.1320754716981138
Ornn,52.32,4.24,57.62,3.76,0.6,-20.0,top lane,1554.0,G.MASTER,-5.299999999999997,-3.773584905660379
Malzahar,54.01,8.26,57.62,3.44,4.53,-13.0,middle lane,1420.0,G.MASTER,-3.6099999999999994,-3.601108033240998
Azir,52.36,6.49,57.62,2.21,0.37,-12.0,middle lane,911.0,G.MASTER,-5.259999999999998,-2.2813688212927765
Mel,48.24,7.5,57.62,2.2,23.29,-27.0,middle lane,910.0,G.MASTER,-9.379999999999995,-2.8784648187633275
Heimerdinger,53.14,4.96,57.62,0.58,0.64,-3.0,top lane,239.0,G.MASTER,-4.479999999999997,-0.6696428571428577
Illaoi,54.1,11.42,57.62,0.8,1.56,-3.0,top lane,329.0,G.MASTER,-3.519999999999996,-0.8522727272727282
Trundle,51.79,5.55,57.62,0.61,0.23,-4.0,top lane,251.0,G.MASTER,-5.829999999999998,-0.6861063464837052
Talon,54.47,2.06,52.83,7.31,17.3,14.0,jungle lane,22078.0,MASTER,1.6400000000000006,8.536585365853655
Seraphine,55.02,2.6,52.83,10.09,3.86,23.0,support lane,30479.0,MASTER,2.190000000000005,10.502283105022808
Jinx,53.85,2.87,52.83,9.84,2.04,10.0,bottom lane,29748.0,MASTER,1.0200000000000031,9.803921568627421
Zed,55.29,3.02,52.83,9.09,30.33,32.0,middle lane,27470.0,MASTER,2.460000000000001,13.00813008130081
Lee Sin,52.8,2.21,52.83,13.18,14.66,0.0,jungle lane,39819.0,MASTER,-0.030000000000001137,0.0
Riven,54.8,2.62,52.83,3.64,4.92,8.0,top lane,11014.0,MASTER,1.9699999999999989,4.060913705583759
Qiyana,54.59,1.75,52.83,3.56,5.4,7.0,middle lane,10754.0,MASTER,1.7600000000000051,3.9772727272727155
Nami,53.81,3.96,52.83,17.46,3.63,18.0,support lane,52756.0,MASTER,0.980000000000004,18.367346938775437
Smolder,55.77,3.4,52.83,18.44,17.65,66.0,bottom lane,55721.0,MASTER,2.940000000000005,22.448979591836697
Thresh,53.84,3.31,52.83,11.63,6.92,13.0,support lane,35153.0,MASTER,1.0100000000000051,12.871287128712806
Rek'Sai,55.29,2.28,52.83,3.31,2.61,8.0,jungle lane,9999.0,MASTER,2.460000000000001,3.2520325203252023
Ashe,55.16,2.85,52.83,14.4,7.29,36.0,bottom lane,43517.0,MASTER,2.3299999999999983,15.450643776824046
Irelia,53.82,3.07,52.83,4.26,14.72,5.0,top lane,12881.0,MASTER,0.990000000000002,5.05050505050504
Katarina,54.13,2.92,52.83,7.0,12.89,10.0,middle lane,21143.0,MASTER,1.3000000000000043,7.692307692307667
Graves,52.64,2.51,52.83,12.22,22.38,-3.0,jungle lane,36917.0,MASTER,-0.18999999999999773,-15.789473684210716
Rell,55.43,2.22,52.83,5.36,1.18,14.0,support lane,16191.0,MASTER,2.6000000000000014,5.3846153846153815
Shaco,54.95,3.62,52.83,3.99,10.35,9.0,jungle lane,12070.0,MASTER,2.1200000000000045,4.245283018867916
Ahri,53.82,2.98,52.83,10.69,4.34,11.0,middle lane,32291.0,MASTER,0.990000000000002,11.11111111111109
Draven,53.62,2.79,52.83,5.06,22.08,5.0,bottom lane,15279.0,MASTER,0.7899999999999991,6.32911392405064
Bard,53.79,2.47,52.83,10.18,7.04,11.0,support lane,30760.0,MASTER,0.9600000000000009,11.458333333333323
Vladimir,54.38,3.33,52.83,4.22,7.0,7.0,middle lane,12746.0,MASTER,1.5500000000000043,4.5161290322580525
Singed,55.09,2.55,52.83,3.02,1.33,7.0,top lane,9125.0,MASTER,2.260000000000005,3.0973451327433557
Pyke,53.26,2.39,52.83,6.2,36.6,4.0,support lane,18743.0,MASTER,0.4299999999999997,9.302325581395355
Naafiri,52.44,2.78,52.83,7.73,34.81,-5.0,jungle lane,23355.0,MASTER,-0.39000000000000057,-12.820512820512802
Olaf,54.8,1.94,52.83,2.71,2.83,5.0,top lane,8175.0,MASTER,1.9699999999999989,2.538071065989849
Karma,52.11,2.58,52.83,13.92,11.45,-11.0,support lane,42064.0,MASTER,-0.7199999999999989,-15.277777777777802
Rengar,53.8,3.17,52.83,4.64,18.32,6.0,jungle lane,14024.0,MASTER,0.9699999999999989,6.185567010309286
Lissandra,54.82,2.77,52.83,4.9,2.58,10.0,middle lane,14817.0,MASTER,1.990000000000002,5.025125628140699
Kayn,54.2,3.75,52.83,5.25,3.13,7.0,jungle lane,15866.0,MASTER,1.3700000000000045,5.109489051094873
Jhin,51.72,2.8,52.83,14.52,0.88,-16.0,bottom lane,43888.0,MASTER,-1.1099999999999994,-14.414414414414422
Senna,53.87,2.5,52.83,6.49,2.12,7.0,support lane,19618.0,MASTER,1.0399999999999991,6.730769230769236
Master Yi,54.06,3.07,52.83,5.09,12.6,7.0,jungle lane,15384.0,MASTER,1.230000000000004,5.691056910569087
Sona,54.74,2.93,52.83,5.27,0.89,10.0,support lane,15925.0,MASTER,1.9100000000000037,5.235602094240828
Xerath,54.09,3.26,52.83,5.35,4.58,7.0,middle lane,16154.0,MASTER,1.2600000000000051,5.555555555555533
Soraka,53.93,3.46,52.83,5.69,2.43,6.0,support lane,17199.0,MASTER,1.1000000000000014,5.454545454545448
Vayne,53.12,4.8,52.83,5.09,12.61,2.0,bottom lane,15388.0,MASTER,0.28999999999999915,6.896551724137951
Akali,52.57,2.72,52.83,6.5,19.79,-2.0,middle lane,19642.0,MASTER,-0.259999999999998,-7.692307692307751
Bel'Veth,55.31,2.94,52.83,2.17,6.18,6.0,jungle lane,6556.0,MASTER,2.480000000000004,2.4193548387096735
Jax,53.24,2.82,52.83,5.64,15.05,3.0,top lane,17045.0,MASTER,0.4100000000000037,7.317073170731641
Nidalee,54.01,1.47,52.83,3.46,2.27,4.0,jungle lane,10442.0,MASTER,1.1799999999999997,3.389830508474577
Lulu,52.09,2.96,52.83,11.0,9.02,-9.0,support lane,33241.0,MASTER,-0.7399999999999949,-12.162162162162247
Yasuo,52.33,3.3,52.83,6.6,17.84,-4.0,middle lane,19956.0,MASTER,-0.5,-8.0
Nautilus,51.87,2.28,52.83,10.93,12.89,-12.0,support lane,33033.0,MASTER,-0.9600000000000009,-12.49999999999999
Lucian,52.41,1.98,52.83,9.23,3.13,-4.0,bottom lane,27892.0,MASTER,-0.4200000000000017,-9.523809523809485
Blitzcrank,53.59,2.57,52.83,4.89,8.64,4.0,support lane,14784.0,MASTER,0.7600000000000051,5.263157894736807
Brand,56.45,3.44,52.83,3.24,5.81,12.0,bottom lane,9800.0,MASTER,3.6200000000000045,3.314917127071819
Akshan,53.77,2.97,52.83,3.44,5.17,3.0,middle lane,10382.0,MASTER,0.9400000000000048,3.191489361702111
Kha'Zix,52.91,3.17,52.83,6.14,4.88,1.0,jungle lane,18555.0,MASTER,0.0799999999999983,12.500000000000266
Vel'Koz,54.17,3.71,52.83,2.21,0.94,3.0,support lane,6671.0,MASTER,1.3400000000000034,2.238805970149248
Pantheon,51.92,2.68,52.83,2.42,1.33,-2.0,support lane,7326.0,MASTER,-0.9099999999999966,-2.197802197802206
Zilean,54.39,2.59,52.83,3.44,1.83,5.0,support lane,10381.0,MASTER,1.5600000000000023,3.2051282051282004
Gangplank,54.57,3.3,52.83,4.41,4.61,8.0,top lane,13325.0,MASTER,1.740000000000002,4.597701149425282
Anivia,52.97,1.86,52.83,3.94,6.62,1.0,middle lane,11895.0,MASTER,0.14000000000000057,7.142857142857114
Janna,54.04,2.85,52.83,5.51,1.57,7.0,support lane,16642.0,MASTER,1.2100000000000009,5.785123966942145
Xin Zhao,52.23,3.08,52.83,7.72,5.73,-5.0,jungle lane,23331.0,MASTER,-0.6000000000000014,-8.333333333333314
Caitlyn,51.83,3.02,52.83,11.31,19.36,-14.0,bottom lane,34181.0,MASTER,-1.0,-14.0
Darius,53.31,3.64,52.83,5.36,11.3,3.0,top lane,16194.0,MASTER,0.480000000000004,6.2499999999999485
Zoe,53.71,2.28,52.83,3.8,9.49,4.0,middle lane,11472.0,MASTER,0.8800000000000026,4.5454545454545325
Ivern,55.76,2.84,52.83,1.47,0.57,4.0,jungle lane,4439.0,MASTER,2.9299999999999997,1.3651877133105803
Sylas,52.0,2.47,52.83,6.87,11.65,-6.0,middle lane,20752.0,MASTER,-0.8299999999999983,-7.228915662650618
Milio,53.24,3.47,52.83,7.17,4.26,3.0,support lane,21679.0,MASTER,0.4100000000000037,7.317073170731641
Jarvan IV,52.55,2.61,52.83,9.13,2.27,-3.0,jungle lane,27579.0,MASTER,-0.28000000000000114,-10.714285714285671
Samira,53.2,2.83,52.83,3.99,4.34,2.0,bottom lane,12069.0,MASTER,0.37000000000000455,5.405405405405339
Rakan,53.02,2.3,52.83,4.44,0.43,1.0,support lane,13426.0,MASTER,0.19000000000000483,5.263157894736708
Alistar,53.53,2.93,52.83,4.53,1.98,3.0,support lane,13701.0,MASTER,0.7000000000000028,4.285714285714269
Hecarim,52.16,2.9,52.83,5.23,6.6,-4.0,jungle lane,15810.0,MASTER,-0.6700000000000017,-5.970149253731328
Syndra,53.61,3.62,52.83,4.47,3.06,4.0,middle lane,13512.0,MASTER,0.7800000000000011,5.128205128205121
LeBlanc,52.82,2.71,52.83,4.02,17.0,0.0,middle lane,12156.0,MASTER,-0.00999999999999801,0.0
Karthus,52.47,2.39,52.83,2.22,3.79,-1.0,jungle lane,6718.0,MASTER,-0.35999999999999943,-2.777777777777782
Swain,55.12,2.81,52.83,1.72,1.18,4.0,bottom lane,5207.0,MASTER,2.289999999999999,1.746724890829695
Braum,53.61,3.01,52.83,6.23,9.86,5.0,support lane,18835.0,MASTER,0.7800000000000011,6.410256410256401
Ekko,52.13,3.74,52.83,3.63,2.25,-3.0,jungle lane,10982.0,MASTER,-0.6999999999999957,-4.285714285714312
Kayle,55.43,3.46,52.83,2.33,3.26,6.0,top lane,7034.0,MASTER,2.6000000000000014,2.3076923076923066
Lux,51.28,3.86,52.83,3.11,1.3,-5.0,support lane,9395.0,MASTER,-1.5499999999999972,-3.2258064516129092
Camille,54.01,3.18,52.83,3.35,1.12,4.0,top lane,10115.0,MASTER,1.1799999999999997,3.389830508474577
Kindred,53.84,2.05,52.83,2.98,2.98,3.0,jungle lane,9012.0,MASTER,1.0100000000000051,2.970297029702955
Udyr,54.38,2.77,52.83,1.99,1.41,3.0,jungle lane,6010.0,MASTER,1.5500000000000043,1.9354838709677367
Poppy,54.84,2.46,52.83,1.53,3.88,3.0,support lane,4628.0,MASTER,2.010000000000005,1.492537313432832
Ezreal,50.13,2.22,52.83,21.48,15.05,-68.0,bottom lane,64923.0,MASTER,-2.6999999999999957,-25.185185185185226
Fiora,53.96,2.66,52.83,3.74,8.47,5.0,top lane,11307.0,MASTER,1.1300000000000026,4.424778761061937
Twisted Fate,52.78,1.18,52.83,5.13,1.16,0.0,middle lane,15499.0,MASTER,-0.04999999999999716,0.0
Tryndamere,55.29,3.39,52.83,2.52,1.73,6.0,top lane,7614.0,MASTER,2.460000000000001,2.4390243902439015
Twitch,52.95,3.6,52.83,4.08,5.29,1.0,bottom lane,12337.0,MASTER,0.12000000000000455,8.333333333333018
Viego,51.2,2.5,52.83,8.87,6.53,-15.0,jungle lane,26792.0,MASTER,-1.6299999999999955,-9.202453987730086
Orianna,51.24,1.89,52.83,4.75,1.88,-8.0,middle lane,14353.0,MASTER,-1.5899999999999963,-5.0314465408805145
Skarner,54.24,3.01,52.83,1.16,0.25,2.0,jungle lane,3494.0,MASTER,1.4100000000000037,1.418439716312053
Neeko,52.02,2.22,52.83,2.46,1.32,-2.0,support lane,7436.0,MASTER,-0.8099999999999952,-2.4691358024691503
Gwen,55.05,3.99,52.83,2.43,3.56,6.0,top lane,7352.0,MASTER,2.219999999999999,2.702702702702704
Leona,52.66,2.47,52.83,5.75,3.53,-1.0,support lane,17373.0,MASTER,-0.1700000000000017,-5.8823529411764115
Shen,53.97,3.24,52.83,4.36,1.48,5.0,top lane,13189.0,MASTER,1.1400000000000006,4.385964912280699
Taliyah,52.77,1.87,52.83,2.32,0.81,0.0,middle lane,7008.0,MASTER,-0.05999999999999517,0.0
Yone,52.27,3.24,52.83,4.68,3.08,-3.0,top lane,14156.0,MASTER,-0.5599999999999952,-5.357142857142903
Nunu & Willump,54.58,3.73,52.83,2.64,0.78,5.0,jungle lane,7981.0,MASTER,1.75,2.857142857142857
Garen,53.78,4.38,52.83,5.3,4.01,5.0,top lane,16009.0,MASTER,0.9500000000000028,5.2631578947368265
Kog'Maw,54.02,2.28,52.83,1.77,0.43,2.0,bottom lane,5357.0,MASTER,1.1900000000000048,1.6806722689075562
Shyvana,53.9,3.89,52.83,3.73,4.88,4.0,jungle lane,11262.0,MASTER,1.0700000000000003,3.738317757009345
Viktor,52.19,2.78,52.83,9.26,5.29,-6.0,middle lane,27984.0,MASTER,-0.6400000000000006,-9.374999999999991
Aatrox,52.14,3.38,52.83,6.08,7.89,-5.0,top lane,18384.0,MASTER,-0.6899999999999977,-7.246376811594227
Yunara,50.4,1.86,52.83,8.06,2.25,-20.0,bottom lane,24351.0,MASTER,-2.4299999999999997,-8.230452674897121
Fiddlesticks,54.17,2.98,52.83,2.16,1.65,3.0,jungle lane,6518.0,MASTER,1.3400000000000034,2.238805970149248
Corki,52.3,3.05,52.83,3.25,0.75,-2.0,bottom lane,9832.0,MASTER,-0.5300000000000011,-3.7735849056603694
Miss Fortune,52.44,3.46,52.83,3.97,0.39,-2.0,bottom lane,11993.0,MASTER,-0.39000000000000057,-5.128205128205121
Nocturne,52.7,3.44,52.83,5.75,8.25,-1.0,jungle lane,17372.0,MASTER,-0.12999999999999545,-7.692307692307962
Aurelion Sol,52.3,2.81,52.83,2.38,0.81,-1.0,middle lane,7181.0,MASTER,-0.5300000000000011,-1.8867924528301847
Zyra,51.66,3.44,52.83,1.94,2.03,-2.0,support lane,5859.0,MASTER,-1.1700000000000017,-1.7094017094017069
Warwick,54.78,3.49,52.83,1.54,0.7,3.0,jungle lane,4642.0,MASTER,1.9500000000000028,1.5384615384615363
Taric,54.95,2.85,52.83,1.16,0.14,2.0,support lane,3518.0,MASTER,2.1200000000000045,0.9433962264150924
Aphelios,51.53,2.94,52.83,4.97,2.08,-7.0,bottom lane,15021.0,MASTER,-1.2999999999999972,-5.384615384615397
Tristana,53.28,2.66,52.83,3.46,0.98,2.0,bottom lane,10458.0,MASTER,0.45000000000000284,4.444444444444416
Rumble,52.41,2.09,52.83,3.53,2.9,-2.0,top lane,10657.0,MASTER,-0.4200000000000017,-4.761904761904742
Sivir,52.21,3.25,52.83,4.03,2.7,-3.0,bottom lane,12185.0,MASTER,-0.6199999999999974,-4.8387096774193745
Cassiopeia,53.08,1.56,52.83,1.55,1.67,0.0,middle lane,4674.0,MASTER,0.25,0.0
Jayce,50.72,1.12,52.83,6.63,9.45,-15.0,top lane,20032.0,MASTER,-2.1099999999999994,-7.109004739336495
Lillia,54.2,2.98,52.83,2.97,1.68,4.0,jungle lane,8984.0,MASTER,1.3700000000000045,2.9197080291970705
Renata Glasc,54.1,4.72,52.83,0.93,0.12,1.0,support lane,2819.0,MASTER,1.2700000000000031,0.7874015748031477
Malphite,53.61,3.08,52.83,6.12,17.03,6.0,top lane,18487.0,MASTER,0.7800000000000011,7.692307692307681
Briar,53.86,4.1,52.83,2.93,4.1,3.0,jungle lane,8849.0,MASTER,1.0300000000000011,2.912621359223298
Xayah,53.75,3.1,52.83,3.08,0.63,3.0,bottom lane,9296.0,MASTER,0.9200000000000017,3.2608695652173854
Aurora,51.72,1.93,52.83,4.71,2.98,-5.0,middle lane,14220.0,MASTER,-1.1099999999999994,-4.5045045045045065
Diana,52.56,3.19,52.83,2.85,3.06,-1.0,jungle lane,8624.0,MASTER,-0.269999999999996,-3.7037037037037583
Varus,51.29,2.16,52.83,4.66,4.9,-8.0,bottom lane,14073.0,MASTER,-1.5399999999999991,-5.194805194805197
Elise,52.6,2.45,52.83,2.68,3.12,-1.0,jungle lane,8099.0,MASTER,-0.22999999999999687,-4.347826086956581
Kai'Sa,50.07,2.52,52.83,14.86,2.43,-42.0,bottom lane,44897.0,MASTER,-2.759999999999998,-15.217391304347837
Kled,54.47,3.16,52.83,1.7,0.63,3.0,top lane,5146.0,MASTER,1.6400000000000006,1.8292682926829262
Annie,53.68,2.05,52.83,3.15,0.72,3.0,middle lane,9512.0,MASTER,0.8500000000000014,3.5294117647058765
Teemo,54.61,3.58,52.83,2.92,2.42,5.0,top lane,8815.0,MASTER,1.7800000000000011,2.8089887640449422
Ziggs,53.85,1.66,52.83,1.81,0.37,2.0,bottom lane,5474.0,MASTER,1.0200000000000031,1.9607843137254841
Zac,53.51,3.68,52.83,2.14,1.38,1.0,jungle lane,6475.0,MASTER,0.6799999999999997,1.4705882352941182
Maokai,52.91,2.59,52.83,1.51,0.11,0.0,support lane,4574.0,MASTER,0.0799999999999983,0.0
Ambessa,49.44,2.48,52.83,4.74,19.2,-20.0,jungle lane,14325.0,MASTER,-3.3900000000000006,-5.899705014749261
Fizz,53.45,3.56,52.83,3.1,2.72,2.0,middle lane,9355.0,MASTER,0.6200000000000045,3.2258064516128795
Nilah,53.61,3.13,52.83,1.13,2.43,1.0,bottom lane,3417.0,MASTER,0.7800000000000011,1.2820512820512802
Evelynn,53.7,3.13,52.83,2.23,2.39,2.0,jungle lane,6749.0,MASTER,0.8700000000000045,2.2988505747126315
Zeri,50.31,2.13,52.83,3.06,0.34,-8.0,bottom lane,9233.0,MASTER,-2.519999999999996,-3.1746031746031798
Vex,54.76,3.92,52.83,2.33,2.44,5.0,middle lane,7047.0,MASTER,1.9299999999999997,2.590673575129534
Morgana,51.79,3.3,52.83,2.29,7.78,-3.0,support lane,6928.0,MASTER,-1.0399999999999991,-2.884615384615387
Kennen,52.74,2.75,52.83,2.4,2.44,0.0,top lane,7251.0,MASTER,-0.0899999999999963,0.0
Kalista,51.56,1.87,52.83,1.66,0.33,-2.0,bottom lane,5031.0,MASTER,-1.269999999999996,-1.5748031496063042
Tahm Kench,52.36,2.97,52.83,1.37,0.79,-1.0,support lane,4129.0,MASTER,-0.46999999999999886,-2.1276595744680904
Urgot,54.27,3.39,52.83,2.75,0.65,4.0,top lane,8300.0,MASTER,1.4400000000000048,2.7777777777777684
Ornn,53.81,3.84,52.83,5.4,0.63,5.0,top lane,16316.0,MASTER,0.980000000000004,5.10204081632651
Kassadin,51.74,3.33,52.83,3.0,4.59,-3.0,middle lane,9053.0,MASTER,-1.0899999999999963,-2.7522935779816606
Mordekaiser,53.04,3.98,52.83,3.62,3.43,1.0,top lane,10953.0,MASTER,0.21000000000000085,4.761904761904742
Veigar,53.47,4.14,52.83,2.35,0.57,2.0,middle lane,7111.0,MASTER,0.6400000000000006,3.1249999999999973
Dr. Mundo,52.33,3.31,52.83,3.01,2.92,-2.0,top lane,9081.0,MASTER,-0.5,-4.0
Cho'Gath,54.83,3.93,52.83,2.11,0.42,4.0,top lane,6372.0,MASTER,2.0,2.0
Zaahen,52.82,3.68,52.83,2.52,2.25,0.0,top lane,7601.0,MASTER,-0.00999999999999801,0.0
Rammus,53.44,3.79,52.83,0.99,1.65,1.0,jungle lane,2994.0,MASTER,0.6099999999999994,1.6393442622950836
K'Sante,50.68,1.84,52.83,5.19,2.65,-11.0,top lane,15694.0,MASTER,-2.1499999999999986,-5.116279069767446
Hwei,51.85,2.95,52.83,4.08,1.68,-4.0,middle lane,12321.0,MASTER,-0.9799999999999969,-4.081632653061238
Sion,51.62,2.87,52.83,5.28,1.17,-6.0,top lane,15942.0,MASTER,-1.2100000000000009,-4.95867768595041
Vi,51.53,2.81,52.83,4.03,1.1,-5.0,jungle lane,12188.0,MASTER,-1.2999999999999972,-3.8461538461538547
Wukong,52.24,4.18,52.83,1.8,0.45,-1.0,jungle lane,5431.0,MASTER,-0.5899999999999963,-1.6949152542372987
Galio,50.87,2.24,52.83,3.26,1.48,-6.0,middle lane,9846.0,MASTER,-1.9600000000000009,-3.061224489795917
Yuumi,47.53,2.72,52.83,3.98,7.76,-23.0,support lane,12023.0,MASTER,-5.299999999999997,-4.339622641509436
Quinn,53.95,2.38,52.83,0.92,0.59,1.0,top lane,2786.0,MASTER,1.1200000000000045,0.8928571428571392
Gragas,52.3,2.58,52.83,2.83,0.74,-2.0,top lane,8557.0,MASTER,-0.5300000000000011,-3.7735849056603694
Sejuani,50.89,3.57,52.83,1.14,0.1,-2.0,jungle lane,3441.0,MASTER,-1.9399999999999977,-1.0309278350515476
Sett,52.3,4.15,52.83,3.01,1.27,-2.0,top lane,9101.0,MASTER,-0.5300000000000011,-3.7735849056603694
Ryze,50.11,2.72,52.83,4.09,1.11,-11.0,middle lane,12350.0,MASTER,-2.719999999999999,-4.044117647058825
Nasus,51.9,3.58,52.83,2.14,2.51,-2.0,top lane,6464.0,MASTER,-0.9299999999999997,-2.150537634408603
Malzahar,51.98,4.26,52.83,5.32,5.25,-5.0,middle lane,16067.0,MASTER,-0.8500000000000014,-5.88235294117646
Amumu,48.7,2.89,52.83,0.86,0.46,-4.0,jungle lane,2610.0,MASTER,-4.1299999999999955,-0.9685230024213086
Renekton,51.31,2.87,52.83,5.86,5.32,-9.0,top lane,17722.0,MASTER,-1.519999999999996,-5.921052631578963
Heimerdinger,53.11,3.41,52.83,0.89,0.9,0.0,top lane,2700.0,MASTER,0.28000000000000114,0.0
Gnar,51.54,2.89,52.83,4.51,1.56,-6.0,top lane,13630.0,MASTER,-1.2899999999999991,-4.651162790697677
Volibear,52.31,3.94,52.83,2.21,1.25,-1.0,top lane,6680.0,MASTER,-0.519999999999996,-1.9230769230769378
Illaoi,52.54,3.59,52.83,1.56,1.85,0.0,top lane,4716.0,MASTER,-0.28999999999999915,0.0
Yorick,51.4,3.19,52.83,2.55,3.94,-4.0,top lane,7698.0,MASTER,-1.4299999999999997,-2.797202797202798
Trundle,52.82,2.72,52.83,0.7,0.21,0.0,top lane,2111.0,MASTER,-0.00999999999999801,0.0
Azir,48.2,3.02,52.83,2.06,0.34,-10.0,middle lane,6237.0,MASTER,-4.6299999999999955,-2.159827213822896
Mel,46.42,3.01,52.83,2.66,23.99,-22.0,middle lane,8039.0,MASTER,-6.409999999999997,-3.4321372854914216
Lee Sin,50.57,0.26,49.97,13.36,14.92,9.0,jungle lane,95858.0,DIAMOND,0.6000000000000014,14.999999999999964
Zed,52.05,-0.23,49.97,9.74,31.96,30.0,middle lane,69876.0,DIAMOND,2.0799999999999983,14.423076923076936
Thresh,51.09,0.0,49.97,12.62,7.51,15.0,support lane,90527.0,DIAMOND,1.1200000000000045,13.392857142857089
Seraphine,52.56,0.5,49.97,10.7,4.57,29.0,support lane,76756.0,DIAMOND,2.5900000000000034,11.196911196911183
Jinx,51.51,0.41,49.97,10.8,2.88,17.0,bottom lane,77463.0,DIAMOND,1.5399999999999991,11.038961038961045
Rek'Sai,52.48,-0.72,49.97,2.79,1.99,7.0,jungle lane,20039.0,DIAMOND,2.509999999999998,2.7888446215139466
Vladimir,51.5,-0.36,49.97,4.49,6.15,7.0,middle lane,32182.0,DIAMOND,1.5300000000000011,4.575163398692807
Nami,50.2,-0.81,49.97,15.77,3.76,4.0,support lane,113117.0,DIAMOND,0.23000000000000398,17.391304347825788
Smolder,53.87,0.03,49.97,20.08,19.36,97.0,bottom lane,144079.0,DIAMOND,3.8999999999999986,24.87179487179488
Naafiri,50.09,0.2,49.97,7.93,35.28,1.0,jungle lane,56913.0,DIAMOND,0.12000000000000455,8.333333333333018
Shaco,51.26,0.13,49.97,4.41,14.84,7.0,jungle lane,31624.0,DIAMOND,1.2899999999999991,5.42635658914729
Senna,51.41,-0.3,49.97,5.93,1.84,9.0,support lane,42519.0,DIAMOND,1.4399999999999977,6.25000000000001
Olaf,52.43,-0.08,49.97,2.68,2.8,7.0,top lane,19250.0,DIAMOND,2.460000000000001,2.8455284552845517
Master Yi,51.07,0.29,49.97,6.1,13.99,8.0,jungle lane,43779.0,DIAMOND,1.1000000000000014,7.272727272727264
Soraka,51.22,-0.46,49.97,5.56,2.57,7.0,support lane,39870.0,DIAMOND,1.25,5.6
Ashe,52.35,0.3,49.97,15.61,9.73,41.0,bottom lane,111997.0,DIAMOND,2.3800000000000026,17.226890756302502
Ahri,50.58,-0.13,49.97,10.96,4.66,7.0,middle lane,78618.0,DIAMOND,0.6099999999999994,11.475409836065584
Pyke,50.16,0.25,49.97,6.24,27.85,2.0,support lane,44769.0,DIAMOND,0.18999999999999773,10.52631578947381
Singed,52.17,-0.36,49.97,3.08,1.12,7.0,top lane,22114.0,DIAMOND,2.200000000000003,3.1818181818181777
Blitzcrank,51.0,0.35,49.97,4.99,11.13,6.0,support lane,35789.0,DIAMOND,1.0300000000000011,5.825242718446596
Xerath,52.28,0.34,49.97,6.06,7.3,15.0,middle lane,43460.0,DIAMOND,2.3100000000000023,6.493506493506487
Irelia,50.51,-0.12,49.97,4.39,15.1,3.0,top lane,31481.0,DIAMOND,0.5399999999999991,5.555555555555564
Katarina,50.48,-0.58,49.97,7.04,11.41,4.0,middle lane,50505.0,DIAMOND,0.509999999999998,7.8431372549019915
Bel'Veth,51.64,-0.85,49.97,2.07,3.87,4.0,jungle lane,14849.0,DIAMOND,1.6700000000000017,2.395209580838321
Rell,50.89,-0.64,49.97,3.39,0.98,3.0,support lane,24335.0,DIAMOND,0.9200000000000017,3.2608695652173854
Zilean,52.01,-0.36,49.97,3.12,1.56,6.0,support lane,22414.0,DIAMOND,2.039999999999999,2.9411764705882364
Riven,50.39,-0.28,49.97,3.55,3.12,2.0,top lane,25456.0,DIAMOND,0.4200000000000017,4.761904761904742
Kayn,50.72,0.14,49.97,6.49,3.61,5.0,jungle lane,46594.0,DIAMOND,0.75,6.666666666666667
Nocturne,51.61,0.38,49.97,7.37,12.72,14.0,jungle lane,52851.0,DIAMOND,1.6400000000000006,8.536585365853655
Lissandra,51.02,-0.19,49.97,5.08,2.98,5.0,middle lane,36462.0,DIAMOND,1.0500000000000043,4.761904761904742
Sona,50.71,-1.17,49.97,3.99,0.52,3.0,support lane,28654.0,DIAMOND,0.740000000000002,4.054054054054043
Samira,50.83,0.32,49.97,4.67,5.89,4.0,bottom lane,33507.0,DIAMOND,0.8599999999999994,4.651162790697677
Kayle,52.94,-0.03,49.97,2.93,3.74,9.0,top lane,20997.0,DIAMOND,2.969999999999999,3.0303030303030316
Shyvana,52.26,0.79,49.97,5.84,8.05,15.0,jungle lane,41925.0,DIAMOND,2.289999999999999,6.550218340611356
Milio,50.52,-0.13,49.97,7.76,5.33,5.0,support lane,55680.0,DIAMOND,0.5500000000000043,9.09090909090902
Anivia,50.69,-0.22,49.97,3.57,5.47,3.0,middle lane,25635.0,DIAMOND,0.7199999999999989,4.166666666666673
Gangplank,51.22,-0.02,49.97,4.99,4.89,7.0,top lane,35803.0,DIAMOND,1.25,5.6
Leona,51.6,0.47,49.97,5.89,5.15,10.0,support lane,42245.0,DIAMOND,1.6300000000000026,6.134969325153365
Talon,49.85,-1.08,49.97,5.77,10.1,-1.0,jungle lane,41398.0,DIAMOND,-0.11999999999999744,-8.333333333333512
Twisted Fate,51.45,0.48,49.97,4.8,1.07,7.0,middle lane,34411.0,DIAMOND,1.480000000000004,4.729729729729717
Warwick,52.5,1.32,49.97,2.29,1.4,6.0,jungle lane,16407.0,DIAMOND,2.530000000000001,2.3715415019762833
Janna,50.71,-0.91,49.97,4.32,1.01,3.0,support lane,30976.0,DIAMOND,0.740000000000002,4.054054054054043
Brand,50.95,0.81,49.97,4.2,7.49,4.0,support lane,30100.0,DIAMOND,0.980000000000004,4.081632653061208
Garen,50.99,0.29,49.97,7.09,6.61,8.0,top lane,50846.0,DIAMOND,1.0200000000000031,7.8431372549019365
Lucian,50.1,0.45,49.97,9.14,3.31,1.0,bottom lane,65562.0,DIAMOND,0.13000000000000256,7.692307692307541
Ivern,50.94,-0.77,49.97,1.3,0.47,1.0,jungle lane,9341.0,DIAMOND,0.9699999999999989,1.0309278350515476
Graves,49.87,0.1,49.97,12.06,19.14,-1.0,jungle lane,86509.0,DIAMOND,-0.10000000000000142,-9.999999999999858
Diana,51.45,0.58,49.97,3.16,4.02,5.0,middle lane,22655.0,DIAMOND,1.480000000000004,3.378378378378369
Yone,50.12,0.3,49.97,5.31,4.2,1.0,top lane,38070.0,DIAMOND,0.14999999999999858,6.66666666666673
Fiddlesticks,51.3,0.04,49.97,2.48,1.68,3.0,jungle lane,17796.0,DIAMOND,1.3299999999999983,2.2556390977443637
Shen,50.87,-0.38,49.97,4.1,1.47,4.0,top lane,29411.0,DIAMOND,0.8999999999999986,4.444444444444452
Aurelion Sol,50.44,0.42,49.97,2.48,0.91,1.0,middle lane,17794.0,DIAMOND,0.46999999999999886,2.1276595744680904
Kindred,50.1,-0.48,49.97,2.45,1.95,0.0,jungle lane,17572.0,DIAMOND,0.13000000000000256,0.0
Vayne,49.69,0.23,49.97,6.52,13.17,-2.0,bottom lane,46747.0,DIAMOND,-0.28000000000000114,-7.142857142857114
Vel'Koz,50.08,0.1,49.97,2.6,1.09,0.0,support lane,18624.0,DIAMOND,0.10999999999999943,0.0
Camille,50.41,-0.52,49.97,3.27,1.03,1.0,top lane,23484.0,DIAMOND,0.4399999999999977,2.2727272727272845
Briar,51.1,1.09,49.97,4.37,7.69,5.0,jungle lane,31343.0,DIAMOND,1.1300000000000026,4.424778761061937
Karthus,49.53,-0.27,49.97,1.63,1.9,-1.0,jungle lane,11675.0,DIAMOND,-0.4399999999999977,-2.2727272727272845
Malphite,51.44,0.48,49.97,6.53,19.32,12.0,top lane,46862.0,DIAMOND,1.4699999999999989,8.163265306122454
Miss Fortune,50.4,0.55,49.97,5.46,0.83,2.0,bottom lane,39145.0,DIAMOND,0.4299999999999997,4.651162790697677
Qiyana,49.91,-1.03,49.97,2.59,2.77,0.0,middle lane,18572.0,DIAMOND,-0.060000000000002274,0.0
Braum,50.91,0.16,49.97,6.3,8.97,7.0,support lane,45227.0,DIAMOND,0.9399999999999977,7.4468085106383155
Zoe,50.2,-0.12,49.97,3.5,6.24,1.0,middle lane,25108.0,DIAMOND,0.23000000000000398,4.347826086956447
Jhin,49.28,0.38,49.97,15.03,1.29,-11.0,bottom lane,107800.0,DIAMOND,-0.6899999999999977,-15.9420289855073
Lillia,51.2,-0.29,49.97,3.41,1.96,4.0,jungle lane,24432.0,DIAMOND,1.230000000000004,3.2520325203251925
LeBlanc,50.07,0.45,49.97,4.04,15.51,0.0,middle lane,28969.0,DIAMOND,0.10000000000000142,0.0
Udyr,50.11,-0.39,49.97,2.11,1.11,0.0,jungle lane,15123.0,DIAMOND,0.14000000000000057,0.0
Bard,49.8,-0.98,49.97,7.66,4.05,-1.0,support lane,54967.0,DIAMOND,-0.1700000000000017,-5.8823529411764115
Poppy,51.75,0.04,49.97,1.53,3.03,3.0,support lane,10999.0,DIAMOND,1.7800000000000011,1.6853932584269653
Draven,48.74,-0.78,49.97,4.56,16.46,-7.0,bottom lane,32737.0,DIAMOND,-1.2299999999999969,-5.69105691056912
Tryndamere,51.03,-0.19,49.97,2.53,1.8,3.0,top lane,18144.0,DIAMOND,1.0600000000000023,2.830188679245277
Nidalee,49.75,0.09,49.97,2.3,1.19,-1.0,jungle lane,16496.0,DIAMOND,-0.21999999999999886,-4.545454545454569
Karma,49.45,-0.36,49.97,11.19,10.03,-6.0,support lane,80277.0,DIAMOND,-0.519999999999996,-11.538461538461627
Viktor,50.18,0.09,49.97,9.43,5.45,2.0,middle lane,67629.0,DIAMOND,0.21000000000000085,9.523809523809485
Ziggs,51.96,-0.05,49.97,1.58,0.47,3.0,bottom lane,11346.0,DIAMOND,1.990000000000002,1.5075376884422096
Pantheon,48.85,0.71,49.97,2.59,1.52,-3.0,support lane,18547.0,DIAMOND,-1.1199999999999974,-2.6785714285714346
Kog'Maw,50.89,-0.49,49.97,1.49,0.39,1.0,bottom lane,10715.0,DIAMOND,0.9200000000000017,1.0869565217391284
Evelynn,50.71,-0.06,49.97,2.14,2.4,2.0,jungle lane,15359.0,DIAMOND,0.740000000000002,2.7027027027026955
Fizz,51.25,0.53,49.97,3.95,4.47,5.0,middle lane,28349.0,DIAMOND,1.2800000000000011,3.9062499999999964
Nautilus,49.03,-0.14,49.97,9.32,13.85,-10.0,support lane,66852.0,DIAMOND,-0.9399999999999977,-10.638297872340452
Nilah,51.83,-0.26,49.97,1.3,2.52,2.0,bottom lane,9350.0,DIAMOND,1.8599999999999994,1.0752688172043015
Taric,51.54,0.08,49.97,1.12,0.16,2.0,support lane,8041.0,DIAMOND,1.5700000000000003,1.273885350318471
Ezreal,47.6,0.09,49.97,19.93,11.68,-53.0,bottom lane,142994.0,DIAMOND,-2.3699999999999974,-22.36286919831226
Xin Zhao,49.74,0.24,49.97,8.15,6.87,-2.0,jungle lane,58494.0,DIAMOND,-0.22999999999999687,-8.695652173913162
Lulu,49.18,-0.13,49.97,10.66,9.99,-9.0,support lane,76490.0,DIAMOND,-0.7899999999999991,-11.392405063291152
Quinn,51.95,0.83,49.97,1.05,0.69,2.0,top lane,7521.0,DIAMOND,1.980000000000004,1.0101010101010082
Teemo,51.72,0.6,49.97,4.41,4.41,8.0,top lane,31640.0,DIAMOND,1.75,4.571428571428571
Caitlyn,49.16,0.56,49.97,13.4,23.46,-14.0,bottom lane,96157.0,DIAMOND,-0.8100000000000023,-17.283950617283903
Skarner,49.83,-0.51,49.97,1.0,0.21,0.0,jungle lane,7144.0,DIAMOND,-0.14000000000000057,0.0
Lux,49.35,0.99,49.97,4.55,2.38,-3.0,support lane,32607.0,DIAMOND,-0.6199999999999974,-4.8387096774193745
Tristana,50.2,-0.51,49.97,3.24,1.03,1.0,bottom lane,23250.0,DIAMOND,0.23000000000000398,4.347826086956447
Zyra,49.56,0.77,49.97,2.42,2.17,-1.0,support lane,17327.0,DIAMOND,-0.4099999999999966,-2.439024390243923
Ekko,49.11,-0.35,49.97,3.76,2.02,-3.0,jungle lane,26994.0,DIAMOND,-0.8599999999999994,-3.488372093023258
Gwen,50.36,-0.68,49.97,2.34,3.47,1.0,top lane,16803.0,DIAMOND,0.39000000000000057,2.5641025641025603
Rammus,51.76,0.46,49.97,1.39,2.79,3.0,jungle lane,9989.0,DIAMOND,1.7899999999999991,1.6759776536312858
Kled,50.69,-0.39,49.97,1.66,0.71,1.0,top lane,11873.0,DIAMOND,0.7199999999999989,1.388888888888891
Xayah,50.37,0.26,49.97,3.23,0.6,1.0,bottom lane,23163.0,DIAMOND,0.3999999999999986,2.500000000000009
Twitch,49.7,-0.4,49.97,4.41,6.04,-1.0,bottom lane,31661.0,DIAMOND,-0.269999999999996,-3.7037037037037583
Kha'Zix,49.49,-0.24,49.97,5.83,4.33,-3.0,jungle lane,41814.0,DIAMOND,-0.4799999999999969,-6.250000000000041
Annie,50.83,-0.09,49.97,3.02,0.76,3.0,middle lane,21665.0,DIAMOND,0.8599999999999994,3.488372093023258
Mordekaiser,50.36,0.35,49.97,5.1,6.16,2.0,top lane,36552.0,DIAMOND,0.39000000000000057,5.128205128205121
Yunara,47.29,-0.4,49.97,6.25,2.11,-17.0,bottom lane,44847.0,DIAMOND,-2.6799999999999997,-6.343283582089553
Maokai,50.46,0.17,49.97,1.56,0.15,1.0,support lane,11226.0,DIAMOND,0.490000000000002,2.040816326530604
Akshan,49.92,-0.92,49.97,3.08,3.56,0.0,middle lane,22101.0,DIAMOND,-0.04999999999999716,0.0
Viego,49.31,0.15,49.97,9.36,8.05,-7.0,jungle lane,67113.0,DIAMOND,-0.6599999999999966,-10.60606060606066
Aphelios,49.0,-0.06,49.97,4.6,2.13,-5.0,bottom lane,33015.0,DIAMOND,-0.9699999999999989,-5.154639175257738
Jax,49.69,0.07,49.97,5.28,13.38,-2.0,top lane,37884.0,DIAMOND,-0.28000000000000114,-7.142857142857114
Morgana,50.27,1.34,49.97,3.35,13.07,1.0,support lane,24028.0,DIAMOND,0.30000000000000426,3.333333333333286
Akali,49.46,0.3,49.97,6.42,19.25,-4.0,middle lane,46063.0,DIAMOND,-0.509999999999998,-7.8431372549019915
Kai'Sa,47.86,0.33,49.97,14.65,2.41,-32.0,bottom lane,105097.0,DIAMOND,-2.1099999999999994,-15.165876777251189
Sivir,48.89,0.07,49.97,3.91,2.76,-4.0,bottom lane,28035.0,DIAMOND,-1.0799999999999983,-3.7037037037037095
Ambessa,46.23,-0.67,49.97,3.84,13.64,-17.0,jungle lane,27568.0,DIAMOND,-3.740000000000002,-4.545454545454543
Varus,48.04,-0.12,49.97,4.0,4.12,-8.0,bottom lane,28718.0,DIAMOND,-1.9299999999999997,-4.145077720207254
Corki,46.85,-1.96,49.97,2.33,0.56,-7.0,bottom lane,16725.0,DIAMOND,-3.1199999999999974,-2.2435897435897454
Vi,50.16,0.75,49.97,5.05,1.38,1.0,jungle lane,36212.0,DIAMOND,0.18999999999999773,5.263157894736905
Ornn,50.57,-0.44,49.97,5.07,0.77,3.0,top lane,36382.0,DIAMOND,0.6000000000000014,4.9999999999999885
Urgot,50.68,-0.45,49.97,2.42,0.72,2.0,top lane,17351.0,DIAMOND,0.7100000000000009,2.816901408450701
Zeri,47.06,-0.66,49.97,2.87,0.34,-8.0,bottom lane,20578.0,DIAMOND,-2.9099999999999966,-2.7491408934707935
Vex,51.13,-0.18,49.97,2.37,3.09,3.0,middle lane,17021.0,DIAMOND,1.1600000000000037,2.5862068965517158
Rengar,49.18,-0.58,49.97,4.49,11.22,-4.0,jungle lane,32225.0,DIAMOND,-0.7899999999999991,-5.063291139240512
Darius,49.67,0.05,49.97,6.08,13.03,-2.0,top lane,43583.0,DIAMOND,-0.29999999999999716,-6.66666666666673
Kalista,46.76,-1.23,49.97,1.3,0.25,-4.0,bottom lane,9350.0,DIAMOND,-3.210000000000001,-1.246105919003115
Rakan,49.34,-0.82,49.97,3.23,0.3,-2.0,support lane,23201.0,DIAMOND,-0.6299999999999955,-3.1746031746031975
Sylas,49.4,-0.26,49.97,6.54,11.98,-4.0,middle lane,46885.0,DIAMOND,-0.5700000000000003,-7.017543859649119
Tahm Kench,50.05,0.47,49.97,1.94,1.52,0.0,support lane,13895.0,DIAMOND,0.0799999999999983,0.0
Sett,50.39,0.51,49.97,4.39,2.11,2.0,top lane,31465.0,DIAMOND,0.4200000000000017,4.761904761904742
Hecarim,48.52,-1.0,49.97,4.19,4.14,-6.0,jungle lane,30029.0,DIAMOND,-1.4499999999999957,-4.13793103448277
Yasuo,48.56,0.12,49.97,7.05,17.5,-12.0,middle lane,50608.0,DIAMOND,-1.4099999999999966,-8.510638297872362
Fiora,49.77,-0.47,49.97,3.53,6.13,-1.0,top lane,25320.0,DIAMOND,-0.19999999999999574,-5.000000000000107
Veigar,50.39,0.87,49.97,3.02,0.9,1.0,middle lane,21631.0,DIAMOND,0.4200000000000017,2.380952380952371
Zac,49.89,0.1,49.97,2.55,1.19,0.0,jungle lane,18298.0,DIAMOND,-0.0799999999999983,0.0
Alistar,49.24,-0.45,49.97,3.72,1.6,-3.0,support lane,26714.0,DIAMOND,-0.7299999999999969,-4.109589041095908
Aatrox,49.42,-0.11,49.97,6.54,8.84,-4.0,top lane,46890.0,DIAMOND,-0.5499999999999972,-7.272727272727311
Elise,49.38,0.21,49.97,2.39,2.02,-1.0,jungle lane,17110.0,DIAMOND,-0.5899999999999963,-1.6949152542372987
Jayce,48.49,-0.15,49.97,5.15,6.18,-8.0,top lane,36960.0,DIAMOND,-1.4799999999999969,-5.405405405405417
Jarvan IV,49.19,-0.26,49.97,8.02,1.95,-6.0,jungle lane,57530.0,DIAMOND,-0.7800000000000011,-7.692307692307681
Neeko,48.47,-0.22,49.97,1.92,1.17,-3.0,support lane,13803.0,DIAMOND,-1.5,-2.0
Orianna,47.97,0.16,49.97,4.08,1.13,-8.0,middle lane,29288.0,DIAMOND,-2.0,-4.0
Nasus,50.12,0.59,49.97,2.73,3.55,0.0,top lane,19562.0,DIAMOND,0.14999999999999858,0.0
Nunu & Willump,49.65,-0.6,49.97,2.1,0.6,-1.0,jungle lane,15066.0,DIAMOND,-0.3200000000000003,-3.1249999999999973
Cho'Gath,50.4,-0.34,49.97,2.18,0.56,1.0,top lane,15615.0,DIAMOND,0.4299999999999997,2.3255813953488387
Swain,47.98,1.17,49.97,2.03,1.88,-4.0,support lane,14552.0,DIAMOND,-1.990000000000002,-2.0100502512562795
Taliyah,48.61,-0.81,49.97,1.76,0.47,-2.0,middle lane,12599.0,DIAMOND,-1.3599999999999994,-1.4705882352941182
Trundle,51.28,1.69,49.97,0.91,0.23,1.0,top lane,6546.0,DIAMOND,1.3100000000000023,0.7633587786259529
Aurora,49.11,-0.39,49.97,3.65,2.58,-3.0,middle lane,26220.0,DIAMOND,-0.8599999999999994,-3.488372093023258
Amumu,49.99,1.28,49.97,1.56,0.82,0.0,jungle lane,11162.0,DIAMOND,0.020000000000003126,0.0
Cassiopeia,49.05,-0.27,49.97,1.25,1.3,-1.0,middle lane,8936.0,DIAMOND,-0.9200000000000017,-1.0869565217391284
Heimerdinger,50.57,-0.38,49.97,0.89,1.13,1.0,top lane,6367.0,DIAMOND,0.6000000000000014,1.6666666666666627
Rumble,48.91,-0.2,49.97,2.81,1.81,-3.0,top lane,20130.0,DIAMOND,-1.0600000000000023,-2.830188679245277
Syndra,48.43,-0.75,49.97,4.19,2.74,-7.0,middle lane,30037.0,DIAMOND,-1.5399999999999991,-4.545454545454548
Yuumi,47.7,-0.07,49.97,5.59,7.72,-14.0,support lane,40069.0,DIAMOND,-2.269999999999996,-6.167400881057279
Hwei,49.85,0.0,49.97,4.24,1.92,-1.0,middle lane,30424.0,DIAMOND,-0.11999999999999744,-8.333333333333512
Galio,48.5,0.0,49.97,2.86,1.3,-4.0,middle lane,20537.0,DIAMOND,-1.4699999999999989,-2.721088435374152
Sejuani,49.26,0.5,49.97,1.56,0.14,-1.0,jungle lane,11196.0,DIAMOND,-0.7100000000000009,-1.4084507042253505
Wukong,49.03,-0.09,49.97,2.16,0.5,-2.0,jungle lane,15491.0,DIAMOND,-0.9399999999999977,-2.1276595744680904
Ryze,47.9,-0.46,49.97,3.28,0.85,-7.0,middle lane,23514.0,DIAMOND,-2.0700000000000003,-3.381642512077294
Kassadin,48.06,-1.38,49.97,2.55,3.39,-5.0,middle lane,18303.0,DIAMOND,-1.9099999999999966,-2.6178010471204236
Dr. Mundo,49.38,0.23,49.97,2.93,3.9,-2.0,top lane,21005.0,DIAMOND,-0.5899999999999963,-3.3898305084745974
Renata Glasc,47.2,-1.14,49.97,0.87,0.13,-2.0,support lane,6257.0,DIAMOND,-2.769999999999996,-0.7220216606498205
Sion,49.49,-0.4,49.97,4.92,1.17,-2.0,top lane,35266.0,DIAMOND,-0.4799999999999969,-4.166666666666694
K'Sante,48.35,-0.03,49.97,4.42,2.36,-7.0,top lane,31712.0,DIAMOND,-1.6199999999999974,-4.320987654320994
Kennen,48.61,-0.52,49.97,2.26,2.1,-3.0,top lane,16206.0,DIAMOND,-1.3599999999999994,-2.2058823529411775
Malzahar,49.58,0.36,49.97,6.8,8.93,-3.0,middle lane,48793.0,DIAMOND,-0.39000000000000057,-7.692307692307681
Zaahen,49.17,-0.76,49.97,2.57,2.86,-2.0,top lane,18414.0,DIAMOND,-0.7999999999999972,-2.500000000000009
Gragas,49.52,0.06,49.97,2.56,0.74,-1.0,top lane,18359.0,DIAMOND,-0.44999999999999574,-2.222222222222243
Illaoi,49.85,0.78,49.97,1.95,3.07,0.0,top lane,14003.0,DIAMOND,-0.11999999999999744,0.0
Mel,46.29,0.26,49.97,2.95,26.38,-15.0,middle lane,21189.0,DIAMOND,-3.6799999999999997,-4.076086956521739
Azir,46.22,-0.19,49.97,2.04,0.31,-8.0,middle lane,14606.0,DIAMOND,-3.75,-2.1333333333333333
Renekton,48.84,0.07,49.97,5.75,4.67,-7.0,top lane,41266.0,DIAMOND,-1.1299999999999955,-6.19469026548675
Yorick,49.32,0.8,49.97,3.37,6.06,-2.0,top lane,24195.0,DIAMOND,-0.6499999999999986,-3.0769230769230838
Gnar,48.26,0.01,49.97,4.15,1.43,-7.0,top lane,29807.0,DIAMOND,-1.7100000000000009,-4.0935672514619865
Volibear,48.87,0.27,49.97,2.9,2.03,-3.0,top lane,20833.0,DIAMOND,-1.1000000000000014,-2.727272727272724
Nami,52.1,0.33,50.7,12.78,3.47,19.0,support lane,187350.0,EMERALD,1.3999999999999986,13.571428571428585
Smolder,55.39,0.71,50.7,20.66,18.42,119.0,bottom lane,302950.0,EMERALD,4.689999999999998,25.373134328358223
Naafiri,51.25,0.45,50.7,7.39,32.62,6.0,jungle lane,108380.0,EMERALD,0.5499999999999972,10.909090909090965
Seraphine,53.33,0.72,50.7,10.63,5.02,29.0,support lane,155898.0,EMERALD,2.6299999999999955,11.026615969581767
Zed,52.31,0.56,50.7,9.71,31.37,23.0,middle lane,142443.0,EMERALD,1.6099999999999994,14.28571428571429
Vladimir,52.55,0.74,50.7,4.65,5.02,9.0,middle lane,68241.0,EMERALD,1.8499999999999943,4.86486486486488
Jinx,52.05,0.92,50.7,12.0,3.61,17.0,bottom lane,176003.0,EMERALD,1.3499999999999943,12.592592592592645
Thresh,51.32,0.63,50.7,12.66,6.97,8.0,support lane,185576.0,EMERALD,0.6199999999999974,12.903225806451665
Rek'Sai,51.7,-0.01,50.7,1.74,1.21,2.0,jungle lane,25449.0,EMERALD,1.0,2.0
Soraka,52.41,0.83,50.7,5.12,2.73,9.0,support lane,75107.0,EMERALD,1.7099999999999937,5.263157894736861
Singed,52.86,0.65,50.7,2.66,1.04,6.0,top lane,39030.0,EMERALD,2.1599999999999966,2.777777777777782
Xerath,53.17,0.54,50.7,5.98,10.03,16.0,middle lane,87640.0,EMERALD,2.469999999999999,6.477732793522271
Kayn,51.93,1.19,50.7,7.89,4.52,10.0,jungle lane,115769.0,EMERALD,1.2299999999999969,8.130081300813028
Olaf,52.61,0.6,50.7,2.38,2.45,5.0,top lane,34906.0,EMERALD,1.9099999999999966,2.6178010471204236
Xin Zhao,50.83,0.75,50.7,8.05,7.02,1.0,jungle lane,117988.0,EMERALD,0.12999999999999545,7.692307692307962
Ahri,51.46,0.66,50.7,10.18,4.61,8.0,middle lane,149258.0,EMERALD,0.759999999999998,10.526315789473712
Senna,51.75,0.71,50.7,5.91,1.59,6.0,support lane,86672.0,EMERALD,1.0499999999999972,5.7142857142857295
Sona,53.04,0.81,50.7,3.21,0.32,8.0,support lane,47027.0,EMERALD,2.3399999999999963,3.4188034188034244
Irelia,51.17,0.83,50.7,4.18,14.32,2.0,top lane,61254.0,EMERALD,0.46999999999999886,4.255319148936181
Viego,50.49,0.77,50.7,9.55,9.55,-2.0,jungle lane,140007.0,EMERALD,-0.21000000000000085,-9.523809523809485
Milio,52.27,0.31,50.7,7.32,5.59,12.0,support lane,107386.0,EMERALD,1.5700000000000003,7.643312101910826
Anivia,51.64,0.7,50.7,3.23,4.02,3.0,middle lane,47399.0,EMERALD,0.9399999999999977,3.1914893617021356
Graves,50.24,0.48,50.7,11.33,14.42,-6.0,jungle lane,166179.0,EMERALD,-0.46000000000000085,-13.043478260869541
Rell,51.2,0.05,50.7,2.64,0.84,1.0,support lane,38784.0,EMERALD,0.5,2.0
Master Yi,51.11,0.88,50.7,7.01,15.44,3.0,jungle lane,102846.0,EMERALD,0.4099999999999966,7.317073170731768
Ashe,52.56,0.81,50.7,16.18,10.22,34.0,bottom lane,237266.0,EMERALD,1.8599999999999994,18.279569892473123
Karma,50.28,0.65,50.7,8.74,7.64,-4.0,support lane,128101.0,EMERALD,-0.4200000000000017,-9.523809523809485
Ekko,50.44,0.44,50.7,3.41,1.81,-1.0,jungle lane,49959.0,EMERALD,-0.2600000000000051,-3.8461538461537703
Bard,50.5,0.34,50.7,5.75,1.99,-1.0,support lane,84315.0,EMERALD,-0.20000000000000284,-4.999999999999929
Zilean,53.24,0.76,50.7,2.67,1.18,7.0,support lane,39176.0,EMERALD,2.539999999999999,2.7559055118110245
Katarina,50.46,0.65,50.7,7.0,9.5,-2.0,middle lane,102683.0,EMERALD,-0.240000000000002,-8.333333333333265
Lee Sin,50.09,0.67,50.7,12.55,13.82,-9.0,jungle lane,184010.0,EMERALD,-0.6099999999999994,-14.754098360655751
Blitzcrank,50.95,0.41,50.7,4.96,12.68,1.0,support lane,72755.0,EMERALD,0.25,4.0
Vayne,50.29,0.64,50.7,7.9,13.4,-4.0,bottom lane,115873.0,EMERALD,-0.4100000000000037,-9.756097560975522
Lissandra,51.33,0.51,50.7,4.91,2.99,3.0,middle lane,71980.0,EMERALD,0.6299999999999955,4.7619047619047965
Nocturne,52.75,0.83,50.7,8.43,16.22,21.0,jungle lane,123610.0,EMERALD,2.049999999999997,10.243902439024405
Garen,52.4,0.98,50.7,8.21,9.1,15.0,top lane,120365.0,EMERALD,1.6999999999999957,8.823529411764728
Samira,51.14,0.74,50.7,5.26,8.0,3.0,bottom lane,77202.0,EMERALD,0.4399999999999977,6.818181818181853
Kayle,52.88,0.74,50.7,3.23,3.59,7.0,top lane,47336.0,EMERALD,2.1799999999999997,3.211009174311927
Bel'Veth,51.55,0.31,50.7,1.71,2.15,1.0,jungle lane,25011.0,EMERALD,0.8499999999999943,1.176470588235302
Jhin,50.07,0.73,50.7,16.37,1.95,-11.0,bottom lane,240008.0,EMERALD,-0.6300000000000026,-17.46031746031739
Qiyana,50.43,0.3,50.7,2.24,1.23,-1.0,middle lane,32829.0,EMERALD,-0.2700000000000031,-3.7037037037036606
Pyke,50.08,0.68,50.7,6.17,19.55,-5.0,support lane,90470.0,EMERALD,-0.6200000000000045,-8.0645161290322
Shaco,50.53,0.94,50.7,5.38,21.02,-1.0,jungle lane,78836.0,EMERALD,-0.1700000000000017,-5.8823529411764115
Janna,52.11,0.57,50.7,2.89,0.52,4.0,support lane,42324.0,EMERALD,1.4099999999999966,2.8368794326241202
Gangplank,51.24,0.6,50.7,5.13,4.46,3.0,top lane,75251.0,EMERALD,0.5399999999999991,5.555555555555564
Shen,51.68,0.67,50.7,3.53,1.41,4.0,top lane,51821.0,EMERALD,0.9799999999999969,4.081632653061238
Shyvana,53.59,1.09,50.7,7.33,10.59,24.0,jungle lane,107414.0,EMERALD,2.8900000000000006,8.304498269896191
Diana,51.78,1.09,50.7,3.56,4.99,4.0,middle lane,52259.0,EMERALD,1.0799999999999983,3.7037037037037095
Vel'Koz,51.32,0.96,50.7,3.06,1.39,2.0,support lane,44870.0,EMERALD,0.6199999999999974,3.2258064516129163
Akali,50.13,0.57,50.7,6.71,18.54,-5.0,middle lane,98408.0,EMERALD,-0.5700000000000003,-8.771929824561399
Nautilus,50.05,0.83,50.7,8.65,13.96,-7.0,support lane,126841.0,EMERALD,-0.6500000000000057,-10.769230769230676
Yone,50.45,0.42,50.7,5.62,5.41,-1.0,top lane,82433.0,EMERALD,-0.25,-4.0
Warwick,53.12,1.6,50.7,3.74,2.61,9.0,jungle lane,54862.0,EMERALD,2.4199999999999946,3.7190082644628184
Twitch,51.43,1.0,50.7,4.87,6.55,4.0,bottom lane,71464.0,EMERALD,0.7299999999999969,5.479452054794544
Malphite,52.22,0.56,50.7,6.53,20.01,12.0,top lane,95814.0,EMERALD,1.519999999999996,7.894736842105284
Lulu,50.12,0.36,50.7,8.89,9.27,-6.0,support lane,130395.0,EMERALD,-0.5800000000000054,-10.3448275862068
Briar,52.51,1.09,50.7,5.52,11.68,11.0,jungle lane,81018.0,EMERALD,1.8099999999999952,6.0773480662983586
Lucian,50.09,0.58,50.7,8.73,2.95,-5.0,bottom lane,128056.0,EMERALD,-0.6099999999999994,-8.196721311475418
Aatrox,50.45,0.68,50.7,6.17,8.96,-2.0,top lane,90538.0,EMERALD,-0.25,-8.0
Fiddlesticks,52.01,0.69,50.7,2.42,1.46,3.0,jungle lane,35489.0,EMERALD,1.3099999999999952,2.290076335877871
Brand,51.76,0.89,50.7,5.51,9.41,6.0,support lane,80795.0,EMERALD,1.0599999999999952,5.660377358490591
Viktor,51.21,0.67,50.7,8.61,4.89,5.0,middle lane,126266.0,EMERALD,0.509999999999998,9.803921568627489
Udyr,51.51,0.67,50.7,2.22,0.88,2.0,jungle lane,32602.0,EMERALD,0.8099999999999952,2.4691358024691503
Riven,50.25,0.57,50.7,3.31,1.76,-2.0,top lane,48564.0,EMERALD,-0.45000000000000284,-4.444444444444416
Aurelion Sol,50.71,0.71,50.7,2.57,1.05,0.0,middle lane,37757.0,EMERALD,0.00999999999999801,0.0
Jarvan IV,50.23,0.35,50.7,6.77,1.48,-3.0,jungle lane,99264.0,EMERALD,-0.47000000000000597,-6.382978723404174
Leona,51.8,0.85,50.7,6.1,7.17,7.0,support lane,89477.0,EMERALD,1.0999999999999943,6.363636363636396
Akshan,50.47,0.29,50.7,2.64,2.28,-1.0,middle lane,38701.0,EMERALD,-0.23000000000000398,-4.347826086956447
Lux,50.13,1.35,50.7,6.94,4.79,-4.0,support lane,101736.0,EMERALD,-0.5700000000000003,-7.017543859649119
Ivern,51.37,0.75,50.7,1.1,0.36,1.0,jungle lane,16129.0,EMERALD,0.6699999999999946,1.492537313432848
Miss Fortune,51.12,1.22,50.7,7.42,1.66,3.0,bottom lane,108868.0,EMERALD,0.4199999999999946,7.142857142857235
Jax,50.21,0.57,50.7,5.28,11.47,-3.0,top lane,77480.0,EMERALD,-0.490000000000002,-6.122448979591812
Lillia,51.89,1.04,50.7,3.54,2.19,4.0,jungle lane,51845.0,EMERALD,1.1899999999999977,3.3613445378151323
Twisted Fate,50.64,0.46,50.7,4.31,0.8,0.0,middle lane,63256.0,EMERALD,-0.060000000000002274,0.0
Kog'Maw,52.36,0.58,50.7,1.44,0.36,2.0,bottom lane,21094.0,EMERALD,1.6599999999999966,1.2048192771084363
Tryndamere,51.47,1.05,50.7,3.03,2.06,2.0,top lane,44502.0,EMERALD,0.769999999999996,2.5974025974026107
Zyra,50.57,0.97,50.7,3.29,3.19,0.0,support lane,48265.0,EMERALD,-0.13000000000000256,0.0
Poppy,51.88,0.93,50.7,1.54,2.14,2.0,support lane,22596.0,EMERALD,1.1799999999999997,1.6949152542372885
Talon,49.76,0.1,50.7,4.48,4.55,-4.0,jungle lane,65755.0,EMERALD,-0.9400000000000048,-4.255319148936148
Fizz,52.38,1.02,50.7,4.95,6.87,9.0,middle lane,72624.0,EMERALD,1.6799999999999997,5.357142857142858
Draven,49.01,0.13,50.7,4.03,11.7,-8.0,bottom lane,59064.0,EMERALD,-1.6900000000000048,-4.7337278106508744
Kled,52.23,0.73,50.7,1.5,0.78,2.0,top lane,21947.0,EMERALD,1.529999999999994,1.3071895424836653
Sion,51.17,0.63,50.7,4.37,1.21,2.0,top lane,64114.0,EMERALD,0.46999999999999886,4.255319148936181
Evelynn,51.15,0.6,50.7,2.33,2.2,1.0,jungle lane,34116.0,EMERALD,0.44999999999999574,2.222222222222243
Ziggs,52.79,1.44,50.7,1.53,0.54,3.0,bottom lane,22438.0,EMERALD,2.0899999999999963,1.435406698564596
Braum,50.97,0.58,50.7,5.69,6.77,2.0,support lane,83406.0,EMERALD,0.269999999999996,7.407407407407517
Rammus,53.37,1.17,50.7,1.84,4.49,5.0,jungle lane,26987.0,EMERALD,2.6699999999999946,1.8726591760299662
Xayah,51.44,0.64,50.7,3.21,0.57,2.0,bottom lane,47095.0,EMERALD,0.7399999999999949,2.7027027027027213
Gwen,51.37,0.65,50.7,2.27,3.05,2.0,top lane,33265.0,EMERALD,0.6699999999999946,2.985074626865696
Ezreal,47.82,0.57,50.7,18.99,9.06,-60.0,bottom lane,278474.0,EMERALD,-2.8800000000000026,-20.833333333333314
Mordekaiser,51.64,1.01,50.7,5.98,9.84,6.0,top lane,87722.0,EMERALD,0.9399999999999977,6.382978723404271
Rakan,50.46,0.8,50.7,2.46,0.25,-1.0,support lane,36127.0,EMERALD,-0.240000000000002,-4.166666666666632
Annie,52.18,0.78,50.7,3.05,0.85,5.0,middle lane,44730.0,EMERALD,1.4799999999999969,3.3783783783783856
Dr. Mundo,51.1,1.08,50.7,3.05,5.27,1.0,top lane,44723.0,EMERALD,0.3999999999999986,2.500000000000009
Caitlyn,49.81,0.99,50.7,16.48,27.38,-20.0,bottom lane,241673.0,EMERALD,-0.8900000000000006,-22.471910112359538
Karthus,49.11,0.27,50.7,1.4,0.84,-2.0,jungle lane,20486.0,EMERALD,-1.5900000000000034,-1.257861635220123
Nilah,52.61,0.98,50.7,1.3,2.52,3.0,bottom lane,19041.0,EMERALD,1.9099999999999966,1.570680628272254
Sivir,50.23,0.67,50.7,3.86,2.5,-2.0,bottom lane,56553.0,EMERALD,-0.47000000000000597,-4.255319148936116
Elise,50.15,0.19,50.7,1.97,1.22,-1.0,jungle lane,28818.0,EMERALD,-0.5500000000000043,-1.8181818181818041
Pantheon,49.17,0.69,50.7,3.13,1.85,-5.0,support lane,45917.0,EMERALD,-1.5300000000000011,-3.267973856209148
Camille,50.42,0.0,50.7,2.59,0.85,-1.0,top lane,38009.0,EMERALD,-0.28000000000000114,-3.571428571428557
Kha'Zix,49.9,0.6,50.7,5.43,3.41,-4.0,jungle lane,79602.0,EMERALD,-0.8000000000000043,-4.999999999999973
Vi,50.74,0.74,50.7,5.28,1.39,0.0,jungle lane,77368.0,EMERALD,0.03999999999999915,0.0
Yunara,47.94,0.6,50.7,5.19,2.02,-15.0,bottom lane,76056.0,EMERALD,-2.760000000000005,-5.434782608695642
Teemo,52.18,1.01,50.7,5.96,7.74,10.0,top lane,87427.0,EMERALD,1.4799999999999969,6.756756756756771
Aphelios,49.65,0.61,50.7,4.26,2.03,-5.0,bottom lane,62472.0,EMERALD,-1.0500000000000043,-4.761904761904742
Ambessa,46.83,-0.27,50.7,3.09,9.09,-13.0,jungle lane,45332.0,EMERALD,-3.8700000000000045,-3.359173126614983
Tristana,50.2,0.76,50.7,3.52,1.16,-2.0,bottom lane,51594.0,EMERALD,-0.5,-4.0
Veigar,51.96,1.26,50.7,3.92,1.57,5.0,middle lane,57488.0,EMERALD,1.259999999999998,3.9682539682539746
Ornn,52.14,0.4,50.7,4.28,0.86,6.0,top lane,62713.0,EMERALD,1.4399999999999977,4.166666666666673
Taric,51.93,0.06,50.7,1.01,0.19,1.0,support lane,14873.0,EMERALD,1.2299999999999969,0.8130081300813029
Kai'Sa,48.15,0.52,50.7,14.68,2.28,-38.0,bottom lane,215302.0,EMERALD,-2.5500000000000043,-14.901960784313701
Corki,48.71,0.69,50.7,1.89,0.44,-4.0,bottom lane,27643.0,EMERALD,-1.990000000000002,-2.0100502512562795
Kindred,49.97,0.22,50.7,2.36,1.23,-2.0,jungle lane,34548.0,EMERALD,-0.730000000000004,-2.7397260273972455
Maokai,51.16,0.82,50.7,1.53,0.19,1.0,support lane,22383.0,EMERALD,0.45999999999999375,2.1739130434782905
Sett,51.84,1.07,50.7,5.53,3.0,6.0,top lane,81044.0,EMERALD,1.1400000000000006,5.26315789473684
Zac,50.29,0.68,50.7,2.28,0.98,-1.0,jungle lane,33504.0,EMERALD,-0.4100000000000037,-2.4390243902438806
Tahm Kench,51.1,1.12,50.7,2.59,2.78,1.0,support lane,37973.0,EMERALD,0.3999999999999986,2.500000000000009
Vex,52.48,1.14,50.7,2.75,3.55,5.0,middle lane,40270.0,EMERALD,1.779999999999994,2.8089887640449533
Morgana,50.78,1.22,50.7,4.87,19.66,0.0,support lane,71347.0,EMERALD,0.0799999999999983,0.0
Varus,48.13,0.51,50.7,3.82,3.32,-10.0,bottom lane,56046.0,EMERALD,-2.5700000000000003,-3.891050583657587
Urgot,51.65,0.88,50.7,2.46,0.88,2.0,top lane,36005.0,EMERALD,0.9499999999999957,2.1052631578947465
Hecarim,48.0,-0.26,50.7,3.07,2.04,-8.0,jungle lane,45063.0,EMERALD,-2.700000000000003,-2.9629629629629597
Zeri,47.7,0.16,50.7,2.53,0.3,-8.0,bottom lane,37150.0,EMERALD,-3.0,-2.6666666666666665
Nidalee,49.02,-0.07,50.7,1.69,0.63,-3.0,jungle lane,24846.0,EMERALD,-1.6799999999999997,-1.785714285714286
Kalista,48.19,0.51,50.7,1.27,0.23,-3.0,bottom lane,18651.0,EMERALD,-2.510000000000005,-1.1952191235059737
Malzahar,51.62,1.1,50.7,8.59,13.83,9.0,middle lane,125952.0,EMERALD,0.9199999999999946,9.78260869565223
Rengar,48.38,0.34,50.7,3.95,5.62,-10.0,jungle lane,57861.0,EMERALD,-2.3200000000000003,-4.310344827586206
Fiora,50.11,0.5,50.7,3.04,4.01,-2.0,top lane,44526.0,EMERALD,-0.5900000000000034,-3.3898305084745566
Amumu,51.45,1.46,50.7,2.45,1.5,2.0,jungle lane,35999.0,EMERALD,0.75,2.6666666666666665
Hwei,50.59,0.38,50.7,3.77,1.86,0.0,middle lane,55211.0,EMERALD,-0.10999999999999943,0.0
Sylas,49.93,0.58,50.7,6.35,11.66,-6.0,middle lane,93100.0,EMERALD,-0.7700000000000031,-7.79220779220776
Nunu & Willump,50.18,0.26,50.7,1.8,0.47,-1.0,jungle lane,26391.0,EMERALD,-0.5200000000000031,-1.9230769230769116
Syndra,50.04,0.76,50.7,3.97,2.51,-3.0,middle lane,58180.0,EMERALD,-0.6600000000000037,-4.54545454545452
Renata Glasc,50.53,0.6,50.7,0.88,0.14,0.0,support lane,12926.0,EMERALD,-0.1700000000000017,0.0
Alistar,49.69,0.55,50.7,3.26,1.34,-3.0,support lane,47768.0,EMERALD,-1.0100000000000051,-2.970297029702955
Zaahen,50.35,0.89,50.7,2.25,3.24,-1.0,top lane,32968.0,EMERALD,-0.3500000000000014,-2.8571428571428457
Yasuo,49.37,0.82,50.7,7.93,18.03,-13.0,middle lane,116310.0,EMERALD,-1.3300000000000054,-9.774436090225525
Neeko,48.9,0.65,50.7,1.88,1.05,-3.0,support lane,27591.0,EMERALD,-1.8000000000000043,-1.6666666666666627
Cho'Gath,51.36,0.77,50.7,2.36,0.75,2.0,top lane,34637.0,EMERALD,0.6599999999999966,3.030303030303046
Skarner,48.9,0.33,50.7,0.79,0.2,-1.0,jungle lane,11651.0,EMERALD,-1.8000000000000043,-0.5555555555555542
Taliyah,49.98,0.36,50.7,1.26,0.27,-1.0,middle lane,18533.0,EMERALD,-0.720000000000006,-1.3888888888888773
Swain,48.56,1.42,50.7,2.96,3.14,-7.0,support lane,43424.0,EMERALD,-2.1400000000000006,-3.271028037383177
Jayce,48.39,0.5,50.7,4.12,3.73,-10.0,top lane,60385.0,EMERALD,-2.3100000000000023,-4.3290043290043245
Wukong,50.34,0.94,50.7,2.07,0.47,-1.0,jungle lane,30410.0,EMERALD,-0.35999999999999943,-2.777777777777782
Sejuani,50.46,1.01,50.7,1.8,0.2,0.0,jungle lane,26437.0,EMERALD,-0.240000000000002,0.0
Darius,49.69,0.77,50.7,6.88,14.87,-8.0,top lane,100902.0,EMERALD,-1.0100000000000051,-7.920792079207881
LeBlanc,49.72,0.65,50.7,4.05,13.89,-5.0,middle lane,59335.0,EMERALD,-0.980000000000004,-5.10204081632651
Nasus,50.32,0.74,50.7,3.23,4.54,-1.0,top lane,47299.0,EMERALD,-0.38000000000000256,-2.6315789473684035
Orianna,47.89,0.41,50.7,3.46,0.74,-10.0,middle lane,50706.0,EMERALD,-2.8100000000000023,-3.5587188612099614
Rumble,49.08,0.57,50.7,2.27,1.11,-4.0,top lane,33353.0,EMERALD,-1.6200000000000045,-2.469135802469129
Heimerdinger,50.88,1.0,50.7,1.1,1.72,0.0,top lane,16190.0,EMERALD,0.17999999999999972,0.0
Renekton,50.23,0.69,50.7,5.35,3.85,-3.0,top lane,78390.0,EMERALD,-0.47000000000000597,-6.382978723404174
Aurora,49.46,0.42,50.7,3.2,2.38,-4.0,middle lane,46862.0,EMERALD,-1.240000000000002,-3.225806451612898
Yorick,50.49,0.93,50.7,4.27,8.86,-1.0,top lane,62678.0,EMERALD,-0.21000000000000085,-4.761904761904742
Yuumi,49.0,-0.02,50.7,4.89,6.37,-9.0,support lane,71769.0,EMERALD,-1.7000000000000028,-5.2941176470588145
Cassiopeia,49.62,0.62,50.7,1.15,1.1,-1.0,middle lane,16927.0,EMERALD,-1.0800000000000054,-0.9259259259259213
Zoe,49.14,0.15,50.7,2.98,4.05,-5.0,middle lane,43627.0,EMERALD,-1.5600000000000023,-3.2051282051282004
Illaoi,50.81,0.85,50.7,2.38,4.89,0.0,top lane,34952.0,EMERALD,0.10999999999999943,0.0
K'Sante,47.82,0.54,50.7,3.3,1.99,-10.0,top lane,48340.0,EMERALD,-2.8800000000000026,-3.472222222222219
Kassadin,49.61,0.08,50.7,2.02,2.0,-2.0,middle lane,29659.0,EMERALD,-1.0900000000000034,-1.8348623853210952
Volibear,50.32,1.08,50.7,3.44,2.96,-1.0,top lane,50463.0,EMERALD,-0.38000000000000256,-2.6315789473684035
Galio,49.36,0.63,50.7,2.62,1.23,-4.0,middle lane,38420.0,EMERALD,-1.3400000000000034,-2.985074626865664
Quinn,50.08,0.31,50.7,1.07,0.92,-1.0,top lane,15762.0,EMERALD,-0.6200000000000045,-1.6129032258064397
Ryze,48.65,0.69,50.7,2.85,0.7,-6.0,middle lane,41831.0,EMERALD,-2.0500000000000043,-2.9268292682926766
Kennen,48.5,0.46,50.7,2.05,1.72,-5.0,top lane,30077.0,EMERALD,-2.200000000000003,-2.27272727272727
Gragas,49.29,0.4,50.7,2.27,0.66,-3.0,top lane,33261.0,EMERALD,-1.4100000000000037,-2.1276595744680797
Gnar,49.49,0.6,50.7,3.69,1.21,-5.0,top lane,54041.0,EMERALD,-1.2100000000000009,-4.132231404958675
Azir,46.56,1.12,50.7,1.97,0.33,-8.0,middle lane,28915.0,EMERALD,-4.140000000000001,-1.9323671497584538
Mel,46.15,1.04,50.7,3.55,29.91,-23.0,middle lane,52066.0,EMERALD,-4.550000000000004,-5.05494505494505
Trundle,49.37,0.41,50.7,1.25,0.35,-2.0,top lane,18293.0,EMERALD,-1.3300000000000054,-1.5037593984962345
Jinx,51.51,0.43,50.39,12.33,4.0,14.0,bottom lane,266261.0,PLATINUM,1.1199999999999974,12.500000000000028
Nami,52.02,-0.12,50.39,10.47,2.9,18.0,support lane,226207.0,PLATINUM,1.6300000000000026,11.042944785276056
Naafiri,51.16,0.09,50.39,6.74,29.05,7.0,jungle lane,145666.0,PLATINUM,0.769999999999996,9.090909090909138
Xin Zhao,50.59,0.24,50.39,7.84,6.32,2.0,jungle lane,169392.0,PLATINUM,0.20000000000000284,9.999999999999858
Seraphine,53.13,0.37,50.39,11.03,5.35,32.0,support lane,238342.0,PLATINUM,2.740000000000002,11.678832116788312
Zed,51.38,0.46,50.39,9.49,29.53,13.0,middle lane,204941.0,PLATINUM,0.990000000000002,13.131313131313105
Smolder,55.25,0.21,50.39,19.53,15.83,113.0,bottom lane,421845.0,PLATINUM,4.859999999999999,23.251028806584365
Vladimir,51.79,0.06,50.39,4.15,4.19,6.0,middle lane,89697.0,PLATINUM,1.3999999999999986,4.28571428571429
Singed,53.18,0.43,50.39,2.59,1.03,7.0,top lane,55998.0,PLATINUM,2.789999999999999,2.508960573476703
Kayn,51.5,0.4,50.39,8.84,5.24,10.0,jungle lane,190947.0,PLATINUM,1.1099999999999994,9.009009009009013
Thresh,50.69,0.2,50.39,11.78,5.74,4.0,support lane,254473.0,PLATINUM,0.29999999999999716,13.33333333333346
Olaf,51.65,0.22,50.39,2.2,2.16,3.0,top lane,47584.0,PLATINUM,1.259999999999998,2.380952380952385
Soraka,52.45,0.23,50.39,4.74,2.68,10.0,support lane,102351.0,PLATINUM,2.0600000000000023,4.854368932038829
Xerath,53.01,0.2,50.39,5.58,11.39,16.0,middle lane,120490.0,PLATINUM,2.6199999999999974,6.106870229007639
Viego,50.35,0.42,50.39,9.52,10.04,0.0,jungle lane,205714.0,PLATINUM,-0.03999999999999915,0.0
Irelia,50.66,0.2,50.39,3.86,13.2,1.0,top lane,83382.0,PLATINUM,0.269999999999996,3.7037037037037583
Ahri,50.88,0.29,50.39,9.63,4.48,5.0,middle lane,207900.0,PLATINUM,0.490000000000002,10.20408163265302
Senna,50.99,0.43,50.39,5.57,1.43,3.0,support lane,120406.0,PLATINUM,0.6000000000000014,4.9999999999999885
Rek'Sai,50.62,0.21,50.39,1.28,0.8,0.0,jungle lane,27542.0,PLATINUM,0.22999999999999687,0.0
Master Yi,50.45,0.78,50.39,8.24,16.9,1.0,jungle lane,178038.0,PLATINUM,0.060000000000002274,16.666666666666035
Nocturne,52.65,0.59,50.39,8.97,17.17,24.0,jungle lane,193736.0,PLATINUM,2.259999999999998,10.619469026548682
Milio,52.58,0.11,50.39,6.35,4.64,15.0,support lane,137198.0,PLATINUM,2.1899999999999977,6.849315068493158
Ashe,51.65,0.3,50.39,16.29,9.79,23.0,bottom lane,351907.0,PLATINUM,1.259999999999998,18.25396825396828
Sona,52.62,0.29,50.39,2.96,0.27,7.0,support lane,63924.0,PLATINUM,2.229999999999997,3.139013452914803
Garen,52.73,0.56,50.39,9.12,10.22,24.0,top lane,196883.0,PLATINUM,2.3399999999999963,10.256410256410273
Jarvan IV,50.34,0.11,50.39,5.79,1.12,0.0,jungle lane,125100.0,PLATINUM,-0.04999999999999716,0.0
Rell,50.99,0.56,50.39,2.38,0.8,1.0,support lane,51452.0,PLATINUM,0.6000000000000014,1.6666666666666627
Vayne,50.31,0.49,50.39,8.23,13.06,-1.0,bottom lane,177680.0,PLATINUM,-0.0799999999999983,-12.500000000000266
Shyvana,54.04,0.47,50.39,7.9,11.29,33.0,jungle lane,170609.0,PLATINUM,3.6499999999999986,9.041095890410963
Bard,50.12,0.09,50.39,4.25,1.21,-1.0,support lane,91870.0,PLATINUM,-0.2700000000000031,-3.7037037037036606
Zilean,52.17,-0.03,50.39,2.17,0.89,4.0,support lane,46870.0,PLATINUM,1.7800000000000011,2.2471910112359534
Shaco,50.15,0.75,50.39,6.21,25.84,-2.0,jungle lane,134153.0,PLATINUM,-0.240000000000002,-8.333333333333265
Kayle,52.81,0.54,50.39,3.22,3.21,8.0,top lane,69598.0,PLATINUM,2.4200000000000017,3.30578512396694
Warwick,52.76,0.7,50.39,5.1,3.98,13.0,jungle lane,110120.0,PLATINUM,2.3699999999999974,5.485232067510554
Lissandra,50.95,0.39,50.39,4.37,2.63,3.0,middle lane,94481.0,PLATINUM,0.5600000000000023,5.3571428571428354
Vel'Koz,51.24,0.31,50.39,3.18,1.58,3.0,support lane,68775.0,PLATINUM,0.8500000000000014,3.5294117647058765
Samira,51.12,0.57,50.39,5.7,9.8,5.0,bottom lane,123080.0,PLATINUM,0.7299999999999969,6.84931506849318
Anivia,50.57,0.15,50.39,2.76,3.0,1.0,middle lane,59615.0,PLATINUM,0.17999999999999972,5.555555555555564
Blitzcrank,50.64,0.59,50.39,5.06,13.41,1.0,support lane,109349.0,PLATINUM,0.25,4.0
Jhin,50.06,0.58,50.39,17.1,2.64,-6.0,bottom lane,369389.0,PLATINUM,-0.3299999999999983,-18.181818181818276
Briar,52.64,0.65,50.39,6.03,13.69,16.0,jungle lane,130290.0,PLATINUM,2.25,7.111111111111111
Brand,52.22,0.81,50.39,6.5,10.78,13.0,support lane,140413.0,PLATINUM,1.8299999999999983,7.103825136612029
Diana,51.46,0.15,50.39,3.83,5.4,4.0,middle lane,82702.0,PLATINUM,1.0700000000000003,3.738317757009345
Udyr,50.87,0.44,50.39,2.01,0.76,1.0,jungle lane,43357.0,PLATINUM,0.4799999999999969,2.083333333333347
Lux,50.35,0.81,50.39,9.55,8.23,0.0,support lane,206248.0,PLATINUM,-0.03999999999999915,0.0
Malphite,52.07,0.47,50.39,6.78,19.05,14.0,top lane,146442.0,PLATINUM,1.6799999999999997,8.333333333333334
Janna,51.78,-0.27,50.39,2.2,0.32,3.0,support lane,47592.0,PLATINUM,1.3900000000000006,2.158273381294963
Gangplank,50.73,-0.04,50.39,4.65,3.73,2.0,top lane,100503.0,PLATINUM,0.3399999999999963,5.882352941176535
Graves,49.91,0.0,50.39,10.21,10.71,-5.0,jungle lane,220512.0,PLATINUM,-0.480000000000004,-10.41666666666658
Shen,51.05,0.29,50.39,3.43,1.27,2.0,top lane,74021.0,PLATINUM,0.6599999999999966,3.030303030303046
Viktor,51.2,-0.07,50.39,7.28,4.04,6.0,middle lane,157257.0,PLATINUM,0.8100000000000023,7.407407407407387
Twitch,51.04,0.28,50.39,4.95,6.79,3.0,bottom lane,106989.0,PLATINUM,0.6499999999999986,4.615384615384626
Mordekaiser,52.37,0.9,50.39,7.13,12.84,16.0,top lane,153922.0,PLATINUM,1.9799999999999969,8.080808080808094
Zyra,51.22,0.62,50.39,4.04,4.1,3.0,support lane,87216.0,PLATINUM,0.8299999999999983,3.614457831325309
Fiddlesticks,51.5,0.26,50.39,2.35,1.18,3.0,jungle lane,50840.0,PLATINUM,1.1099999999999994,2.702702702702704
Miss Fortune,51.15,0.96,50.39,10.45,3.0,8.0,bottom lane,225722.0,PLATINUM,0.759999999999998,10.526315789473712
Dr. Mundo,51.19,0.52,50.39,3.27,6.33,3.0,top lane,70727.0,PLATINUM,0.7999999999999972,3.7500000000000133
Leona,51.46,0.54,50.39,6.99,8.8,8.0,support lane,150875.0,PLATINUM,1.0700000000000003,7.47663551401869
Karma,49.85,-0.09,50.39,6.99,5.71,-4.0,support lane,151000.0,PLATINUM,-0.5399999999999991,-7.407407407407419
Aurelion Sol,50.43,0.4,50.39,2.6,1.12,0.0,middle lane,56186.0,PLATINUM,0.03999999999999915,0.0
Lillia,51.97,0.57,50.39,3.69,2.24,6.0,jungle lane,79627.0,PLATINUM,1.5799999999999983,3.797468354430384
Sion,51.11,0.35,50.39,4.18,1.27,3.0,top lane,90178.0,PLATINUM,0.7199999999999989,4.166666666666673
Kog'Maw,52.34,0.54,50.39,1.48,0.36,3.0,bottom lane,32048.0,PLATINUM,1.9500000000000028,1.5384615384615363
Qiyana,49.52,0.31,50.39,1.84,0.71,-2.0,middle lane,39797.0,PLATINUM,-0.8699999999999974,-2.2988505747126506
Jax,50.04,0.46,50.39,5.29,10.23,-2.0,top lane,114246.0,PLATINUM,-0.3500000000000014,-5.714285714285691
Fizz,52.2,0.68,50.39,5.66,8.7,11.0,middle lane,122208.0,PLATINUM,1.8100000000000023,6.077348066298335
Nautilus,49.64,0.34,50.39,8.94,13.81,-8.0,support lane,193112.0,PLATINUM,-0.75,-10.666666666666666
Kled,52.41,0.35,50.39,1.3,0.77,3.0,top lane,28090.0,PLATINUM,2.019999999999996,1.485148514851488
Bel'Veth,50.0,0.13,50.39,1.43,1.46,-1.0,jungle lane,30967.0,PLATINUM,-0.39000000000000057,-2.5641025641025603
Nilah,53.45,0.53,50.39,1.3,2.42,4.0,bottom lane,27978.0,PLATINUM,3.0600000000000023,1.3071895424836593
Braum,50.56,0.32,50.39,5.68,4.98,1.0,support lane,122745.0,PLATINUM,0.1700000000000017,5.8823529411764115
Yone,50.08,0.63,50.39,6.43,6.43,-2.0,middle lane,138810.0,PLATINUM,-0.3100000000000023,-6.451612903225759
Tryndamere,51.0,0.62,50.39,3.5,2.43,2.0,top lane,75627.0,PLATINUM,0.6099999999999994,3.278688524590167
Lulu,49.79,0.17,50.39,7.68,7.43,-5.0,support lane,165973.0,PLATINUM,-0.6000000000000014,-8.333333333333314
Draven,48.03,0.24,50.39,3.79,9.66,-10.0,bottom lane,81778.0,PLATINUM,-2.3599999999999994,-4.2372881355932215
Ekko,49.46,-0.01,50.39,3.2,1.74,-3.0,jungle lane,69178.0,PLATINUM,-0.9299999999999997,-3.2258064516129044
Lucian,49.0,0.03,50.39,7.65,2.53,-11.0,bottom lane,165333.0,PLATINUM,-1.3900000000000006,-7.913669064748198
Caitlyn,49.79,0.63,50.39,19.09,29.22,-16.0,bottom lane,412277.0,PLATINUM,-0.6000000000000014,-26.666666666666604
Twisted Fate,50.32,0.24,50.39,3.76,0.58,0.0,middle lane,81190.0,PLATINUM,-0.07000000000000028,0.0
Ezreal,47.42,0.2,50.39,17.87,7.78,-58.0,bottom lane,386063.0,PLATINUM,-2.969999999999999,-19.528619528619537
Ornn,52.32,0.41,50.39,3.79,0.84,7.0,top lane,81935.0,PLATINUM,1.9299999999999997,3.6269430051813476
Sivir,50.27,0.21,50.39,3.55,2.19,0.0,bottom lane,76591.0,PLATINUM,-0.11999999999999744,0.0
Teemo,52.27,0.47,50.39,7.25,11.17,15.0,top lane,156599.0,PLATINUM,1.8800000000000026,7.978723404255308
Talon,48.95,0.0,50.39,3.43,2.48,-5.0,jungle lane,74066.0,PLATINUM,-1.4399999999999977,-3.4722222222222276
Lee Sin,48.99,0.24,50.39,11.58,12.68,-19.0,jungle lane,250203.0,PLATINUM,-1.3999999999999986,-13.571428571428585
Ziggs,51.77,-0.27,50.39,1.56,0.61,2.0,bottom lane,33687.0,PLATINUM,1.3800000000000026,1.449275362318838
Poppy,50.72,0.12,50.39,1.55,1.62,1.0,support lane,33420.0,PLATINUM,0.3299999999999983,3.030303030303046
Xayah,50.45,0.32,50.39,3.14,0.54,0.0,bottom lane,67829.0,PLATINUM,0.060000000000002274,0.0
Aphelios,49.36,0.38,50.39,3.71,1.92,-4.0,bottom lane,80064.0,PLATINUM,-1.0300000000000011,-3.8834951456310636
Pyke,49.24,0.21,50.39,5.86,15.65,-8.0,support lane,126549.0,PLATINUM,-1.1499999999999986,-6.9565217391304435
Sett,51.71,0.65,50.39,6.36,3.67,9.0,top lane,137394.0,PLATINUM,1.3200000000000003,6.818181818181817
Morgana,51.1,0.87,50.39,6.51,23.77,6.0,support lane,140694.0,PLATINUM,0.7100000000000009,8.450704225352103
Veigar,52.13,0.82,50.39,5.05,2.4,9.0,middle lane,109023.0,PLATINUM,1.740000000000002,5.172413793103442
Ambessa,47.82,0.45,50.39,2.57,6.63,-7.0,jungle lane,55525.0,PLATINUM,-2.5700000000000003,-2.723735408560311
Yunara,47.27,0.14,50.39,4.68,2.01,-15.0,bottom lane,101185.0,PLATINUM,-3.1199999999999974,-4.807692307692312
Rammus,53.13,0.53,50.39,2.29,5.67,7.0,jungle lane,49476.0,PLATINUM,2.740000000000002,2.5547445255474432
Kai'Sa,48.1,0.29,50.39,13.88,2.2,-33.0,bottom lane,299776.0,PLATINUM,-2.289999999999999,-14.410480349344983
Corki,48.02,0.17,50.39,1.53,0.38,-4.0,bottom lane,33109.0,PLATINUM,-2.3699999999999974,-1.6877637130801706
Pantheon,48.68,0.51,50.39,3.53,2.09,-6.0,support lane,76247.0,PLATINUM,-1.7100000000000009,-3.5087719298245594
Aatrox,49.94,0.29,50.39,5.46,8.45,-3.0,top lane,117838.0,PLATINUM,-0.45000000000000284,-6.666666666666624
Urgot,51.21,0.4,50.39,2.49,1.13,2.0,top lane,53788.0,PLATINUM,0.8200000000000003,2.4390243902439015
Taric,51.98,0.2,50.39,1.06,0.2,2.0,support lane,22816.0,PLATINUM,1.5899999999999963,1.2578616352201286
Zac,50.19,0.26,50.39,2.18,0.79,0.0,jungle lane,47037.0,PLATINUM,-0.20000000000000284,0.0
Tristana,49.19,0.83,50.39,4.1,1.48,-5.0,bottom lane,88521.0,PLATINUM,-1.2000000000000028,-4.166666666666657
Karthus,48.49,-0.25,50.39,1.27,0.5,-2.0,jungle lane,27459.0,PLATINUM,-1.8999999999999986,-1.0526315789473693
Katarina,49.62,0.22,50.39,6.8,8.15,-6.0,middle lane,146780.0,PLATINUM,-0.7700000000000031,-7.79220779220776
Varus,47.62,0.44,50.39,3.82,2.81,-11.0,bottom lane,82445.0,PLATINUM,-2.770000000000003,-3.971119133574003
Maokai,50.72,0.65,50.39,1.76,0.23,1.0,support lane,37994.0,PLATINUM,0.3299999999999983,3.030303030303046
Vi,50.39,0.28,50.39,5.31,1.26,0.0,jungle lane,114720.0,PLATINUM,0.0,
Zeri,47.33,-0.05,50.39,2.06,0.27,-6.0,bottom lane,44450.0,PLATINUM,-3.0600000000000023,-1.9607843137254888
Annie,51.28,0.34,50.39,2.89,0.89,3.0,middle lane,62416.0,PLATINUM,0.8900000000000006,3.3707865168539306
Amumu,51.94,0.74,50.39,3.33,2.15,5.0,jungle lane,71914.0,PLATINUM,1.5499999999999972,3.2258064516129092
Hwei,50.65,0.22,50.39,3.33,1.66,1.0,middle lane,72004.0,PLATINUM,0.259999999999998,3.8461538461538756
Nunu & Willump,50.17,0.33,50.39,1.79,0.44,0.0,jungle lane,38683.0,PLATINUM,-0.21999999999999886,0.0
Kalista,46.87,0.32,50.39,1.19,0.25,-4.0,bottom lane,25742.0,PLATINUM,-3.520000000000003,-1.1363636363636354
Vex,51.98,0.59,50.39,3.08,3.76,5.0,middle lane,66547.0,PLATINUM,1.5899999999999963,3.1446540880503218
Evelynn,50.18,0.2,50.39,2.17,1.88,0.0,jungle lane,46808.0,PLATINUM,-0.21000000000000085,0.0
Akshan,49.93,0.41,50.39,2.11,1.7,-1.0,middle lane,45534.0,PLATINUM,-0.46000000000000085,-2.1739130434782568
Malzahar,51.77,0.36,50.39,9.94,17.39,17.0,middle lane,214630.0,PLATINUM,1.3800000000000026,12.318840579710121
Riven,48.91,0.07,50.39,2.89,1.21,-4.0,top lane,62369.0,PLATINUM,-1.480000000000004,-2.7027027027026955
Kha'Zix,48.58,0.13,50.39,4.69,2.74,-9.0,jungle lane,101363.0,PLATINUM,-1.8100000000000023,-4.972375690607729
Nasus,50.58,1.06,50.39,3.87,4.95,1.0,top lane,83551.0,PLATINUM,0.18999999999999773,5.263157894736905
Akali,49.5,0.42,50.39,7.04,17.86,-8.0,middle lane,152001.0,PLATINUM,-0.8900000000000006,-8.988764044943814
Hecarim,46.6,0.08,50.39,2.52,1.2,-10.0,jungle lane,54428.0,PLATINUM,-3.789999999999999,-2.638522427440634
Rengar,46.85,0.05,50.39,3.31,3.26,-12.0,jungle lane,71399.0,PLATINUM,-3.539999999999999,-3.389830508474577
Yorick,51.07,0.74,50.39,5.02,11.35,4.0,top lane,108443.0,PLATINUM,0.6799999999999997,5.882352941176473
Ivern,49.33,-0.22,50.39,0.86,0.29,-1.0,jungle lane,18682.0,PLATINUM,-1.0600000000000023,-0.9433962264150924
Yasuo,49.29,0.66,50.39,9.11,19.04,-12.0,middle lane,196824.0,PLATINUM,-1.1000000000000014,-10.909090909090896
Gwen,50.06,0.42,50.39,2.2,2.64,-1.0,top lane,47463.0,PLATINUM,-0.3299999999999983,-3.030303030303046
Renata Glasc,50.76,0.38,50.39,0.81,0.15,0.0,support lane,17499.0,PLATINUM,0.36999999999999744,0.0
Elise,49.38,-0.02,50.39,1.59,0.82,-2.0,jungle lane,34429.0,PLATINUM,-1.009999999999998,-1.9801980198019842
Syndra,49.99,0.45,50.39,3.65,2.33,-1.0,middle lane,78856.0,PLATINUM,-0.3999999999999986,-2.500000000000009
Nidalee,46.93,0.11,50.39,1.39,0.44,-5.0,jungle lane,30119.0,PLATINUM,-3.460000000000001,-1.4450867052023117
Tahm Kench,50.42,0.88,50.39,3.17,3.94,0.0,support lane,68450.0,PLATINUM,0.030000000000001137,0.0
Illaoi,51.55,0.8,50.39,2.92,6.57,4.0,top lane,63149.0,PLATINUM,1.1599999999999966,3.4482758620689755
Jayce,47.78,0.11,50.39,3.35,2.58,-9.0,top lane,72251.0,PLATINUM,-2.6099999999999994,-3.448275862068966
Sejuani,50.31,0.54,50.39,1.98,0.24,0.0,jungle lane,42855.0,PLATINUM,-0.0799999999999983,0.0
Darius,49.26,0.72,50.39,7.58,16.09,-10.0,top lane,163671.0,PLATINUM,-1.1300000000000026,-8.849557522123874
Rakan,49.35,0.08,50.39,2.23,0.24,-2.0,support lane,48136.0,PLATINUM,-1.0399999999999991,-1.9230769230769247
Sylas,49.27,0.3,50.39,6.23,11.33,-8.0,middle lane,134583.0,PLATINUM,-1.1199999999999974,-7.142857142857159
Alistar,49.55,0.41,50.39,3.06,1.24,-3.0,support lane,66133.0,PLATINUM,-0.8400000000000034,-3.571428571428557
Skarner,47.9,0.12,50.39,0.69,0.19,-2.0,jungle lane,14812.0,PLATINUM,-2.490000000000002,-0.8032128514056218
Camille,49.25,0.15,50.39,2.04,0.69,-2.0,top lane,44038.0,PLATINUM,-1.1400000000000006,-1.7543859649122797
LeBlanc,49.15,0.26,50.39,4.02,13.09,-6.0,middle lane,86723.0,PLATINUM,-1.240000000000002,-4.838709677419347
Kindred,48.83,0.8,50.39,2.46,0.91,-4.0,jungle lane,53083.0,PLATINUM,-1.5600000000000023,-2.5641025641025603
Neeko,49.06,0.56,50.39,1.94,1.05,-3.0,support lane,41800.0,PLATINUM,-1.3299999999999983,-2.2556390977443637
Orianna,47.55,0.39,50.39,3.15,0.61,-9.0,middle lane,68007.0,PLATINUM,-2.8400000000000034,-3.1690140845070385
Heimerdinger,50.52,0.74,50.39,1.39,2.55,0.0,top lane,29985.0,PLATINUM,0.13000000000000256,0.0
Renekton,50.11,0.26,50.39,5.0,3.3,-1.0,top lane,108043.0,PLATINUM,-0.28000000000000114,-3.571428571428557
Swain,48.82,0.83,50.39,3.97,4.35,-7.0,support lane,85686.0,PLATINUM,-1.5700000000000003,-4.458598726114649
Wukong,49.92,0.18,50.39,2.09,0.44,-1.0,jungle lane,45180.0,PLATINUM,-0.46999999999999886,-2.1276595744680904
Volibear,50.57,0.62,50.39,3.83,3.6,1.0,top lane,82828.0,PLATINUM,0.17999999999999972,5.555555555555564
Taliyah,48.41,0.22,50.39,0.99,0.19,-2.0,middle lane,21348.0,PLATINUM,-1.980000000000004,-1.0101010101010082
Aurora,48.75,0.15,50.39,2.9,2.24,-5.0,middle lane,62680.0,PLATINUM,-1.6400000000000006,-3.048780487804877
Cho'Gath,50.23,0.74,50.39,2.55,0.91,0.0,top lane,55078.0,PLATINUM,-0.1600000000000037,0.0
Cassiopeia,48.93,0.4,50.39,1.04,0.98,-2.0,middle lane,22554.0,PLATINUM,-1.4600000000000009,-1.3698630136986294
Yuumi,48.98,0.25,50.39,4.61,4.83,-7.0,support lane,99520.0,PLATINUM,-1.4100000000000037,-4.964539007092186
Rumble,48.3,0.04,50.39,2.1,0.89,-4.0,top lane,45439.0,PLATINUM,-2.0900000000000034,-1.9138755980861213
Zoe,48.65,0.59,50.39,2.74,3.07,-5.0,middle lane,59221.0,PLATINUM,-1.740000000000002,-2.8735632183908013
Galio,48.83,0.46,50.39,2.67,1.28,-4.0,middle lane,57692.0,PLATINUM,-1.5600000000000023,-2.5641025641025603
Fiora,48.94,0.29,50.39,2.65,3.05,-4.0,top lane,57267.0,PLATINUM,-1.4500000000000028,-2.758620689655167
Zaahen,49.78,0.46,50.39,2.1,3.13,-1.0,top lane,45254.0,PLATINUM,-0.6099999999999994,-1.6393442622950836
Kassadin,48.7,-0.16,50.39,1.63,1.27,-3.0,middle lane,35136.0,PLATINUM,-1.6899999999999977,-1.7751479289940852
Ryze,47.92,0.13,50.39,2.59,0.62,-6.0,middle lane,56016.0,PLATINUM,-2.469999999999999,-2.4291497975708514
K'Sante,47.14,0.06,50.39,2.84,1.71,-9.0,top lane,61365.0,PLATINUM,-3.25,-2.769230769230769
Kennen,47.34,0.35,50.39,1.9,1.5,-6.0,top lane,41078.0,PLATINUM,-3.049999999999997,-1.9672131147541
Quinn,49.48,0.67,50.39,1.18,1.06,-1.0,top lane,25491.0,PLATINUM,-0.9100000000000037,-1.0989010989010943
Trundle,49.84,1.03,50.39,1.55,0.49,-1.0,top lane,33491.0,PLATINUM,-0.5499999999999972,-1.8181818181818277
Gragas,48.25,0.08,50.39,1.98,0.53,-4.0,top lane,42821.0,PLATINUM,-2.1400000000000006,-1.8691588785046724
Azir,45.95,-0.13,50.39,1.81,0.35,-8.0,middle lane,39124.0,PLATINUM,-4.439999999999998,-1.8018018018018027
Mel,46.65,0.76,50.39,4.31,32.99,-24.0,middle lane,93161.0,PLATINUM,-3.740000000000002,-6.417112299465237
Gnar,48.63,0.15,50.39,3.2,1.04,-6.0,top lane,69124.0,PLATINUM,-1.759999999999998,-3.4090909090909127
Nami,52.02,0.01,50.18,8.35,2.26,16.0,support lane,202822.0,GOLD,1.8400000000000034,8.695652173913027
Smolder,54.86,-0.19,50.18,17.02,12.79,91.0,bottom lane,413218.0,GOLD,4.68,19.444444444444446
Naafiri,50.95,-0.2,50.18,5.97,25.46,6.0,jungle lane,144878.0,GOLD,0.7700000000000031,7.79220779220776
Xin Zhao,50.69,0.23,50.18,7.56,5.44,4.0,jungle lane,183630.0,GOLD,0.509999999999998,7.8431372549019915
Seraphine,53.01,0.35,50.18,11.74,5.84,35.0,support lane,285088.0,GOLD,2.8299999999999983,12.367491166077746
Jinx,51.27,0.33,50.18,12.67,4.37,14.0,bottom lane,307733.0,GOLD,1.0900000000000034,12.844036697247667
Zed,50.51,0.1,50.18,9.01,27.12,4.0,middle lane,218888.0,GOLD,0.3299999999999983,12.121212121212183
Singed,53.25,0.02,50.18,2.41,1.05,7.0,top lane,58463.0,GOLD,3.0700000000000003,2.280130293159609
Kayn,51.33,0.36,50.18,9.45,5.75,12.0,jungle lane,229560.0,GOLD,1.1499999999999986,10.434782608695665
Thresh,50.19,0.05,50.18,10.25,4.49,0.0,support lane,248897.0,GOLD,0.00999999999999801,0.0
Soraka,51.81,-0.38,50.18,4.35,2.43,7.0,support lane,105541.0,GOLD,1.6300000000000026,4.294478527607355
Xerath,52.88,-0.04,50.18,5.21,11.99,16.0,middle lane,126411.0,GOLD,2.700000000000003,5.925925925925919
Vladimir,50.88,-0.11,50.18,3.61,3.57,3.0,middle lane,87652.0,GOLD,0.7000000000000028,4.285714285714269
Viego,50.09,0.09,50.18,9.59,9.95,-1.0,jungle lane,232912.0,GOLD,-0.0899999999999963,-11.111111111111567
Master Yi,50.46,0.7,50.18,9.79,18.9,3.0,jungle lane,237709.0,GOLD,0.28000000000000114,10.714285714285671
Irelia,50.23,-0.09,50.18,3.68,11.91,0.0,top lane,89268.0,GOLD,0.04999999999999716,0.0
Ahri,50.26,0.23,50.18,9.55,4.43,1.0,middle lane,231769.0,GOLD,0.0799999999999983,12.500000000000266
Rell,51.11,0.18,50.18,2.35,0.8,2.0,support lane,57164.0,GOLD,0.9299999999999997,2.150537634408603
Olaf,51.12,0.36,50.18,2.14,1.93,2.0,top lane,52056.0,GOLD,0.9399999999999977,2.1276595744680904
Nocturne,52.41,0.2,50.18,9.31,16.65,25.0,jungle lane,226074.0,GOLD,2.229999999999997,11.21076233183858
Milio,52.41,-0.38,50.18,4.99,3.33,12.0,support lane,121144.0,GOLD,2.229999999999997,5.381165919282519
Sona,52.49,0.3,50.18,2.84,0.27,7.0,support lane,68950.0,GOLD,2.3100000000000023,3.030303030303027
Garen,52.72,0.35,50.18,10.07,10.55,29.0,top lane,244422.0,GOLD,2.539999999999999,11.417322834645674
Shyvana,54.12,0.03,50.18,8.01,10.95,35.0,jungle lane,194593.0,GOLD,3.9399999999999977,8.883248730964473
Ekko,50.69,0.37,50.18,3.03,1.79,2.0,middle lane,73454.0,GOLD,0.509999999999998,3.9215686274509958
Warwick,52.94,0.72,50.18,6.46,5.73,19.0,jungle lane,156971.0,GOLD,2.759999999999998,6.884057971014498
Ashe,51.28,0.24,50.18,16.38,9.36,20.0,bottom lane,397654.0,GOLD,1.1000000000000014,18.18181818181816
Lux,50.83,0.72,50.18,12.74,12.8,9.0,support lane,309267.0,GOLD,0.6499999999999986,13.846153846153877
Jarvan IV,50.14,-0.14,50.18,4.77,0.89,0.0,jungle lane,115875.0,GOLD,-0.03999999999999915,0.0
Lissandra,50.7,-0.32,50.18,3.73,2.18,2.0,middle lane,90566.0,GOLD,0.5200000000000031,3.846153846153823
Vel'Koz,51.41,0.08,50.18,3.18,1.69,4.0,support lane,77246.0,GOLD,1.2299999999999969,3.2520325203252116
Brand,52.34,0.07,50.18,6.99,11.72,17.0,support lane,169747.0,GOLD,2.1600000000000037,7.870370370370357
Yone,50.43,0.29,50.18,7.48,7.41,2.0,middle lane,181663.0,GOLD,0.25,8.0
Zilean,51.56,-0.13,50.18,1.76,0.67,2.0,support lane,42620.0,GOLD,1.3800000000000026,1.449275362318838
Samira,50.92,0.33,50.18,6.01,11.54,5.0,bottom lane,145819.0,GOLD,0.740000000000002,6.756756756756738
Kayle,51.67,0.25,50.18,3.33,2.84,5.0,top lane,80894.0,GOLD,1.490000000000002,3.355704697986573
Blitzcrank,50.05,0.44,50.18,5.21,14.08,-1.0,support lane,126601.0,GOLD,-0.13000000000000256,-7.692307692307541
Janna,51.6,-0.41,50.18,1.63,0.22,2.0,support lane,39520.0,GOLD,1.4200000000000017,1.4084507042253505
Diana,51.26,0.32,50.18,4.16,5.55,5.0,middle lane,100919.0,GOLD,1.0799999999999983,4.629629629629637
Malphite,52.07,0.18,50.18,7.12,17.43,16.0,top lane,172762.0,GOLD,1.8900000000000006,8.465608465608463
Aurelion Sol,50.81,0.14,50.18,2.53,1.14,2.0,middle lane,61375.0,GOLD,0.6300000000000026,3.1746031746031615
Zyra,51.35,0.13,50.18,4.62,4.56,6.0,support lane,112228.0,GOLD,1.1700000000000017,5.128205128205121
Briar,52.62,0.08,50.18,6.11,14.65,17.0,jungle lane,148434.0,GOLD,2.4399999999999977,6.967213114754105
Jax,50.05,0.3,50.18,5.24,9.47,-1.0,top lane,127139.0,GOLD,-0.13000000000000256,-7.692307692307541
Vayne,50.02,-0.03,50.18,8.0,12.45,-1.0,bottom lane,194346.0,GOLD,-0.1599999999999966,-6.250000000000133
Graves,49.84,-0.01,50.18,8.55,7.68,-3.0,jungle lane,207670.0,GOLD,-0.3399999999999963,-8.823529411764802
Viktor,51.4,-0.21,50.18,5.84,3.16,7.0,middle lane,141791.0,GOLD,1.2199999999999989,5.737704918032792
Miss Fortune,51.3,0.72,50.18,14.06,5.08,17.0,bottom lane,341484.0,GOLD,1.1199999999999974,15.178571428571463
Mordekaiser,52.52,0.45,50.18,8.37,15.19,23.0,top lane,203343.0,GOLD,2.3400000000000034,9.829059829059815
Leona,51.47,0.52,50.18,7.79,9.87,11.0,support lane,189085.0,GOLD,1.2899999999999991,8.527131782945743
Jhin,49.86,0.0,50.18,16.84,3.46,-6.0,bottom lane,408894.0,GOLD,-0.3200000000000003,-18.749999999999982
Sion,51.41,-0.18,50.18,3.93,1.29,5.0,top lane,95338.0,GOLD,1.2299999999999969,4.065040650406514
Fiddlesticks,50.74,0.33,50.18,2.27,0.93,1.0,jungle lane,55069.0,GOLD,0.5600000000000023,1.7857142857142785
Anivia,50.27,-0.29,50.18,2.33,2.24,0.0,middle lane,56639.0,GOLD,0.09000000000000341,0.0
Dr. Mundo,50.96,0.32,50.18,3.64,7.29,3.0,top lane,88298.0,GOLD,0.7800000000000011,3.8461538461538405
Kog'Maw,52.59,-0.17,50.18,1.43,0.37,3.0,bottom lane,34735.0,GOLD,2.4100000000000037,1.2448132780082968
Senna,49.86,-0.01,50.18,5.15,1.33,-2.0,support lane,125119.0,GOLD,-0.3200000000000003,-6.249999999999995
Lillia,51.7,-0.03,50.18,3.78,2.27,6.0,jungle lane,91700.0,GOLD,1.5200000000000031,3.9473684210526234
Twitch,50.62,0.2,50.18,5.04,7.21,2.0,bottom lane,122495.0,GOLD,0.4399999999999977,4.545454545454569
Tryndamere,51.08,0.3,50.18,3.82,2.9,4.0,top lane,92815.0,GOLD,0.8999999999999986,4.444444444444452
Gangplank,50.14,0.05,50.18,3.8,2.89,0.0,top lane,92294.0,GOLD,-0.03999999999999915,0.0
Karma,49.3,-0.39,50.18,5.4,4.04,-5.0,support lane,131184.0,GOLD,-0.8800000000000026,-5.681818181818166
Draven,47.91,0.08,50.18,3.52,8.47,-9.0,bottom lane,85548.0,GOLD,-2.270000000000003,-3.9647577092510957
Rek'Sai,48.85,-0.1,50.18,0.95,0.57,-1.0,jungle lane,23145.0,GOLD,-1.3299999999999983,-0.7518796992481213
Karthus,48.46,0.33,50.18,1.25,0.36,-2.0,jungle lane,30425.0,GOLD,-1.7199999999999989,-1.1627906976744193
Shen,50.33,0.13,50.18,3.14,1.06,0.0,top lane,76222.0,GOLD,0.14999999999999858,0.0
Nilah,53.14,0.06,50.18,1.22,2.27,4.0,bottom lane,29706.0,GOLD,2.960000000000001,1.3513513513513509
Veigar,52.63,0.6,50.18,6.55,3.45,17.0,middle lane,158960.0,GOLD,2.450000000000003,6.938775510204073
Lee Sin,48.16,0.15,50.18,10.31,11.62,-24.0,jungle lane,250384.0,GOLD,-2.020000000000003,-11.881188118811863
Bard,49.21,-0.31,50.18,3.15,0.85,-3.0,support lane,76405.0,GOLD,-0.9699999999999989,-3.092783505154643
Teemo,52.07,0.33,50.18,8.41,14.98,19.0,top lane,204167.0,GOLD,1.8900000000000006,10.05291005291005
Fizz,51.7,0.08,50.18,6.13,10.14,10.0,middle lane,148788.0,GOLD,1.5200000000000031,6.578947368421039
Nautilus,49.48,0.44,50.18,9.49,13.37,-8.0,support lane,230509.0,GOLD,-0.7000000000000028,-11.428571428571383
Lucian,48.18,0.19,50.18,6.78,2.14,-14.0,bottom lane,164551.0,GOLD,-2.0,-7.0
Ambessa,47.62,-0.12,50.18,2.14,4.94,-6.0,jungle lane,51918.0,GOLD,-2.5600000000000023,-2.343749999999998
Sett,52.0,0.35,50.18,7.14,4.34,14.0,top lane,173333.0,GOLD,1.8200000000000003,7.692307692307691
Caitlyn,49.76,0.29,50.18,20.87,30.16,-13.0,bottom lane,506748.0,GOLD,-0.4200000000000017,-30.952380952380828
Bel'Veth,49.42,0.6,50.18,1.31,1.13,-1.0,jungle lane,31929.0,GOLD,-0.759999999999998,-1.315789473684214
Pantheon,49.13,0.51,50.18,3.95,2.28,-4.0,support lane,95795.0,GOLD,-1.0499999999999972,-3.80952380952382
Talon,47.95,-0.1,50.18,2.79,1.62,-6.0,jungle lane,67746.0,GOLD,-2.229999999999997,-2.6905829596412594
Ziggs,52.5,0.54,50.18,1.54,0.71,4.0,bottom lane,37429.0,GOLD,2.3200000000000003,1.7241379310344827
Rammus,53.45,0.49,50.18,2.63,6.38,9.0,jungle lane,63931.0,GOLD,3.270000000000003,2.7522935779816486
Ezreal,47.22,-0.12,50.18,16.15,6.97,-51.0,bottom lane,392042.0,GOLD,-2.960000000000001,-17.229729729729726
Kled,51.15,0.03,50.18,1.13,0.74,1.0,top lane,27458.0,GOLD,0.9699999999999989,1.0309278350515476
Poppy,50.77,0.32,50.18,1.52,1.22,1.0,support lane,37014.0,GOLD,0.5900000000000034,1.6949152542372783
Braum,50.24,-0.03,50.18,5.53,3.6,0.0,support lane,134241.0,GOLD,0.060000000000002274,0.0
Xayah,50.58,0.5,50.18,3.02,0.53,1.0,bottom lane,73433.0,GOLD,0.3999999999999986,2.500000000000009
Aphelios,49.66,0.05,50.18,3.35,1.82,-2.0,bottom lane,81245.0,GOLD,-0.5200000000000031,-3.846153846153823
Yunara,47.29,0.15,50.18,4.41,2.0,-13.0,bottom lane,107108.0,GOLD,-2.8900000000000006,-4.49826989619377
Malzahar,52.3,0.25,50.18,10.5,19.71,28.0,middle lane,255020.0,GOLD,2.1199999999999974,13.207547169811336
Kai'Sa,47.7,0.01,50.18,12.76,2.11,-32.0,bottom lane,309864.0,GOLD,-2.479999999999997,-12.90322580645163
Pyke,49.1,0.55,50.18,5.73,14.03,-7.0,support lane,139204.0,GOLD,-1.0799999999999983,-6.481481481481492
Sivir,49.64,-0.16,50.18,3.29,1.9,-2.0,bottom lane,79786.0,GOLD,-0.5399999999999991,-3.7037037037037095
Amumu,52.4,0.47,50.18,4.26,2.74,10.0,jungle lane,103551.0,GOLD,2.219999999999999,4.5045045045045065
Taric,52.79,-0.27,50.18,1.0,0.22,3.0,support lane,24205.0,GOLD,2.6099999999999994,1.149425287356322
Morgana,51.32,0.7,50.18,8.27,25.82,13.0,support lane,200899.0,GOLD,1.1400000000000006,11.403508771929818
Syndra,50.11,-0.37,50.18,3.36,2.12,0.0,middle lane,81649.0,GOLD,-0.07000000000000028,0.0
Ornn,51.25,-0.36,50.18,3.39,0.78,4.0,top lane,82434.0,GOLD,1.0700000000000003,3.738317757009345
Wukong,50.45,0.38,50.18,2.09,0.44,1.0,jungle lane,50832.0,GOLD,0.2700000000000031,3.7037037037036606
Yasuo,49.64,0.43,50.18,10.29,20.08,-7.0,middle lane,249902.0,GOLD,-0.5399999999999991,-12.962962962962983
Shaco,49.34,0.3,50.18,6.67,29.35,-8.0,jungle lane,161950.0,GOLD,-0.8399999999999963,-9.523809523809566
Corki,47.5,-0.32,50.18,1.28,0.33,-3.0,bottom lane,31005.0,GOLD,-2.6799999999999997,-1.119402985074627
Qiyana,47.44,0.27,50.18,1.52,0.47,-4.0,middle lane,36901.0,GOLD,-2.740000000000002,-1.459854014598539
Yorick,51.47,0.23,50.18,5.87,13.61,9.0,top lane,142434.0,GOLD,1.2899999999999991,6.976744186046516
Urgot,50.79,0.0,50.18,2.63,1.43,2.0,top lane,63779.0,GOLD,0.6099999999999994,3.278688524590167
Nunu & Willump,50.01,0.54,50.18,1.82,0.44,0.0,jungle lane,44246.0,GOLD,-0.1700000000000017,0.0
Annie,50.93,0.3,50.18,2.71,0.91,2.0,middle lane,65830.0,GOLD,0.75,2.6666666666666665
Lulu,49.19,-0.3,50.18,6.28,5.37,-7.0,support lane,152605.0,GOLD,-0.990000000000002,-7.070707070707057
Zeri,47.43,0.12,50.18,1.77,0.24,-5.0,bottom lane,43091.0,GOLD,-2.75,-1.8181818181818181
Vi,50.17,0.16,50.18,5.12,1.12,0.0,jungle lane,124203.0,GOLD,-0.00999999999999801,0.0
Tristana,48.78,0.68,50.18,4.92,2.06,-7.0,bottom lane,119369.0,GOLD,-1.3999999999999986,-5.000000000000005
Hecarim,46.01,0.65,50.18,2.17,0.83,-9.0,jungle lane,52685.0,GOLD,-4.170000000000002,-2.158273381294963
Maokai,50.95,0.35,50.18,1.98,0.27,2.0,support lane,48066.0,GOLD,0.7700000000000031,2.5974025974025867
Udyr,49.42,0.04,50.18,1.78,0.65,-1.0,jungle lane,43211.0,GOLD,-0.759999999999998,-1.315789473684214
Varus,47.01,0.15,50.18,3.87,2.42,-13.0,bottom lane,93983.0,GOLD,-3.1700000000000017,-4.100946372239745
Katarina,48.63,0.11,50.18,6.3,7.09,-11.0,middle lane,153070.0,GOLD,-1.5499999999999972,-7.0967741935484
Illaoi,51.59,0.52,50.18,3.49,8.54,5.0,top lane,84815.0,GOLD,1.4100000000000037,3.5460992907801328
Vex,51.12,0.48,50.18,3.41,4.0,3.0,middle lane,82896.0,GOLD,0.9399999999999977,3.1914893617021356
Riven,47.93,0.55,50.18,2.57,0.88,-6.0,top lane,62337.0,GOLD,-2.25,-2.6666666666666665
Kalista,46.19,0.76,50.18,1.17,0.29,-5.0,bottom lane,28358.0,GOLD,-3.990000000000002,-1.2531328320801998
Akali,48.99,0.42,50.18,7.7,17.24,-11.0,middle lane,186980.0,GOLD,-1.1899999999999977,-9.243697478991614
Kha'Zix,47.84,0.1,50.18,4.21,2.26,-10.0,jungle lane,102172.0,GOLD,-2.3399999999999963,-4.2735042735042805
Rakan,49.62,0.33,50.18,2.08,0.26,-1.0,support lane,50504.0,GOLD,-0.5600000000000023,-1.7857142857142785
Rengar,45.18,-0.1,50.18,2.82,2.07,-14.0,jungle lane,68426.0,GOLD,-5.0,-2.8
Aatrox,48.98,-0.11,50.18,4.76,7.6,-6.0,top lane,115599.0,GOLD,-1.2000000000000028,-4.9999999999999885
Sylas,49.12,0.45,50.18,6.15,10.92,-7.0,middle lane,149359.0,GOLD,-1.0600000000000023,-6.603773584905646
Elise,48.94,-0.19,50.18,1.24,0.57,-2.0,jungle lane,30216.0,GOLD,-1.240000000000002,-1.612903225806449
Renata Glasc,50.85,0.04,50.18,0.69,0.15,0.0,support lane,16818.0,GOLD,0.6700000000000017,0.0
Akshan,48.95,0.12,50.18,1.92,1.41,-2.0,middle lane,46606.0,GOLD,-1.2299999999999969,-1.6260162601626058
Jayce,47.04,-0.18,50.18,2.56,1.83,-8.0,top lane,62244.0,GOLD,-3.1400000000000006,-2.547770700636942
Heimerdinger,50.59,0.7,50.18,1.71,3.92,1.0,top lane,41478.0,GOLD,0.4100000000000037,2.4390243902438806
Nidalee,45.53,0.58,50.18,1.17,0.35,-5.0,jungle lane,28420.0,GOLD,-4.649999999999999,-1.0752688172043015
Ivern,48.39,0.11,50.18,0.73,0.25,-1.0,jungle lane,17750.0,GOLD,-1.7899999999999991,-0.5586592178770953
Hwei,50.16,-0.11,50.18,2.92,1.43,0.0,middle lane,70937.0,GOLD,-0.020000000000003126,0.0
Twisted Fate,49.51,-0.19,50.18,3.04,0.41,-2.0,middle lane,73698.0,GOLD,-0.6700000000000017,-2.985074626865664
Sejuani,50.26,0.15,50.18,2.09,0.25,0.0,jungle lane,50660.0,GOLD,0.0799999999999983,0.0
Alistar,49.32,-0.06,50.18,2.8,1.12,-2.0,support lane,68050.0,GOLD,-0.8599999999999994,-2.3255813953488387
Orianna,46.87,-0.14,50.18,2.85,0.56,-9.0,middle lane,69312.0,GOLD,-3.3100000000000023,-2.719033232628397
Volibear,50.69,0.2,50.18,4.3,4.03,2.0,top lane,104469.0,GOLD,0.509999999999998,3.9215686274509958
Zac,49.45,0.03,50.18,1.91,0.64,-1.0,jungle lane,46357.0,GOLD,-0.7299999999999969,-1.369863013698636
Renekton,50.1,0.19,50.18,4.71,2.93,0.0,top lane,114352.0,GOLD,-0.0799999999999983,0.0
Nasus,50.01,-0.09,50.18,4.48,4.98,-1.0,top lane,108862.0,GOLD,-0.1700000000000017,-5.8823529411764115
LeBlanc,48.6,0.13,50.18,3.86,12.38,-7.0,middle lane,93690.0,GOLD,-1.5799999999999983,-4.430379746835448
Skarner,47.29,0.4,50.18,0.62,0.18,-2.0,jungle lane,15173.0,GOLD,-2.8900000000000006,-0.6920415224913493
Swain,49.17,0.24,50.18,4.87,5.56,-5.0,support lane,118200.0,GOLD,-1.009999999999998,-4.95049504950496
Darius,48.5,0.43,50.18,8.32,16.97,-17.0,top lane,202136.0,GOLD,-1.6799999999999997,-10.11904761904762
Kindred,47.94,0.4,50.18,2.45,0.75,-6.0,jungle lane,59483.0,GOLD,-2.240000000000002,-2.678571428571426
Camille,48.35,0.24,50.18,1.63,0.56,-3.0,top lane,39502.0,GOLD,-1.8299999999999983,-1.6393442622950836
Neeko,48.5,0.68,50.18,2.18,1.16,-4.0,support lane,52937.0,GOLD,-1.6799999999999997,-2.3809523809523814
Fiora,48.94,0.13,50.18,2.6,2.5,-3.0,top lane,63159.0,GOLD,-1.240000000000002,-2.4193548387096735
Evelynn,49.28,-0.05,50.18,2.09,1.6,-2.0,jungle lane,50721.0,GOLD,-0.8999999999999986,-2.222222222222226
Rumble,47.6,0.18,50.18,1.93,0.75,-5.0,top lane,46824.0,GOLD,-2.5799999999999983,-1.9379844961240322
Tahm Kench,49.67,0.18,50.18,3.68,4.98,-2.0,support lane,89333.0,GOLD,-0.509999999999998,-3.9215686274509958
Gwen,49.05,0.45,50.18,2.15,2.29,-2.0,top lane,52255.0,GOLD,-1.1300000000000026,-1.7699115044247749
Aurora,48.24,0.12,50.18,2.69,2.06,-5.0,middle lane,65296.0,GOLD,-1.9399999999999977,-2.577319587628869
Taliyah,46.07,-0.28,50.18,0.8,0.15,-3.0,middle lane,19526.0,GOLD,-4.109999999999999,-0.7299270072992702
Cassiopeia,48.1,0.39,50.18,1.05,0.87,-2.0,middle lane,25383.0,GOLD,-2.0799999999999983,-0.9615384615384623
Zaahen,49.19,0.3,50.18,1.99,2.81,-2.0,top lane,48381.0,GOLD,-0.990000000000002,-2.0202020202020163
Yuumi,48.68,-0.08,50.18,4.22,3.67,-7.0,support lane,102560.0,GOLD,-1.5,-4.666666666666667
Galio,48.96,0.15,50.18,2.83,1.41,-4.0,middle lane,68811.0,GOLD,-1.2199999999999989,-3.278688524590167
Zoe,47.57,0.36,50.18,2.58,2.59,-7.0,middle lane,62542.0,GOLD,-2.6099999999999994,-2.6819923371647514
Kassadin,48.72,-0.05,50.18,1.39,0.87,-2.0,middle lane,33650.0,GOLD,-1.4600000000000009,-1.3698630136986294
K'Sante,46.06,0.19,50.18,2.45,1.47,-10.0,top lane,59596.0,GOLD,-4.119999999999997,-2.427184466019419
Kennen,46.65,0.0,50.18,1.82,1.33,-7.0,top lane,44235.0,GOLD,-3.530000000000001,-1.983002832861189
Ryze,47.33,-0.15,50.18,2.36,0.55,-7.0,middle lane,57203.0,GOLD,-2.8500000000000014,-2.4561403508771917
Cho'Gath,49.55,0.2,50.18,2.74,1.06,-2.0,top lane,66482.0,GOLD,-0.6300000000000026,-3.1746031746031615
Quinn,48.24,0.72,50.18,1.3,1.17,-3.0,top lane,31524.0,GOLD,-1.9399999999999977,-1.5463917525773214
Trundle,49.61,0.27,50.18,1.88,0.67,-1.0,top lane,45698.0,GOLD,-0.5700000000000003,-1.7543859649122797
Gragas,46.65,-0.17,50.18,1.71,0.4,-6.0,top lane,41610.0,GOLD,-3.530000000000001,-1.6997167138810192
Mel,46.4,0.23,50.18,5.15,35.81,-30.0,middle lane,124969.0,GOLD,-3.780000000000001,-7.936507936507934
Azir,46.16,0.24,50.18,1.68,0.37,-7.0,middle lane,40701.0,GOLD,-4.020000000000003,-1.7412935323383072
Gnar,48.13,0.3,50.18,2.91,0.89,-6.0,top lane,70542.0,GOLD,-2.049999999999997,-2.926829268292687
Xin Zhao,50.42,-0.51,49.75,7.47,4.6,5.0,jungle lane,148954.0,SILVER,0.6700000000000017,7.46268656716416
Nami,51.17,-0.69,49.75,6.31,1.67,9.0,support lane,125772.0,SILVER,1.4200000000000017,6.338028169014077
Naafiri,53.68,-0.35,49.75,5.44,21.93,27.0,middle lane,108379.0,SILVER,3.9299999999999997,6.870229007633588
Singed,52.59,-0.8,49.75,2.24,1.08,6.0,top lane,44639.0,SILVER,2.8400000000000034,2.112676056338026
Seraphine,52.45,0.04,49.75,13.32,6.64,39.0,support lane,265568.0,SILVER,2.700000000000003,14.444444444444429
Jinx,50.45,-0.15,49.75,12.91,4.95,10.0,bottom lane,257399.0,SILVER,0.7000000000000028,14.285714285714228
Xerath,52.26,-0.1,49.75,4.88,11.99,14.0,middle lane,97397.0,SILVER,2.509999999999998,5.577689243027893
Kayn,50.8,-0.1,49.75,9.97,6.05,11.0,jungle lane,198751.0,SILVER,1.0499999999999972,10.476190476190505
Smolder,54.29,-0.57,49.75,13.96,9.74,70.0,bottom lane,278410.0,SILVER,4.539999999999999,15.418502202643175
Vladimir,50.56,-0.65,49.75,3.03,3.09,3.0,middle lane,60398.0,SILVER,0.8100000000000023,3.7037037037036935
Soraka,51.6,-0.12,49.75,3.74,2.03,7.0,support lane,74512.0,SILVER,1.8500000000000014,3.7837837837837807
Viego,50.01,-0.07,49.75,9.88,9.54,3.0,jungle lane,197018.0,SILVER,0.259999999999998,11.538461538461627
Master Yi,50.17,0.13,49.75,11.55,21.47,6.0,jungle lane,230306.0,SILVER,0.4200000000000017,14.285714285714228
Irelia,50.2,0.05,49.75,3.59,10.43,2.0,top lane,71529.0,SILVER,0.45000000000000284,4.444444444444416
Rell,51.05,-0.22,49.75,2.3,0.79,3.0,support lane,45822.0,SILVER,1.2999999999999972,2.307692307692313
Nocturne,51.94,-0.29,49.75,9.38,15.13,24.0,jungle lane,186968.0,SILVER,2.1899999999999977,10.958904109589053
Lux,50.51,0.13,49.75,16.06,18.47,15.0,support lane,320289.0,SILVER,0.759999999999998,19.73684210526321
Garen,52.27,-0.03,49.75,10.52,10.25,30.0,top lane,209830.0,SILVER,2.520000000000003,11.90476190476189
Yone,50.83,0.34,49.75,8.88,8.48,10.0,middle lane,177134.0,SILVER,1.0799999999999983,9.259259259259274
Olaf,50.25,0.47,49.75,2.22,1.76,1.0,top lane,44186.0,SILVER,0.5,2.0
Milio,51.81,-0.51,49.75,3.84,2.11,8.0,support lane,76489.0,SILVER,2.0600000000000023,3.8834951456310636
Sona,51.42,-0.47,49.75,2.79,0.29,5.0,support lane,55675.0,SILVER,1.6700000000000017,2.994011976047901
Shyvana,53.63,-0.44,49.75,7.72,9.94,33.0,jungle lane,153949.0,SILVER,3.8800000000000026,8.505154639175252
Ashe,50.44,-0.28,49.75,16.25,9.2,12.0,bottom lane,323972.0,SILVER,0.6899999999999977,17.391304347826143
Aurelion Sol,50.98,-0.54,49.75,2.47,1.15,3.0,middle lane,49310.0,SILVER,1.2299999999999969,2.4390243902439086
Vel'Koz,51.26,-0.09,49.75,3.29,1.74,5.0,support lane,65556.0,SILVER,1.509999999999998,3.3112582781457
Sion,51.48,-0.38,49.75,3.52,1.28,6.0,top lane,70214.0,SILVER,1.7299999999999969,3.4682080924855554
Brand,52.54,-0.45,49.75,7.22,12.17,23.0,support lane,143933.0,SILVER,2.789999999999999,8.243727598566311
Warwick,52.45,0.4,49.75,8.18,8.19,24.0,jungle lane,163114.0,SILVER,2.700000000000003,8.88888888888888
Dr. Mundo,51.13,-0.16,49.75,4.12,8.0,6.0,top lane,82067.0,SILVER,1.3800000000000026,4.3478260869565135
Zyra,51.13,-0.35,49.75,4.59,4.47,7.0,support lane,91577.0,SILVER,1.3800000000000026,5.072463768115933
Zilean,50.75,-0.26,49.75,1.44,0.5,1.0,support lane,28699.0,SILVER,1.0,1.0
Samira,50.43,-0.23,49.75,6.19,12.9,5.0,bottom lane,123461.0,SILVER,0.6799999999999997,7.352941176470591
Diana,50.79,0.08,49.75,4.31,5.57,5.0,middle lane,85991.0,SILVER,1.0399999999999991,4.807692307692312
Kayle,51.06,0.06,49.75,3.45,2.56,5.0,top lane,68846.0,SILVER,1.3100000000000023,3.8167938931297645
Lissandra,50.05,-0.72,49.75,2.93,1.73,1.0,middle lane,58411.0,SILVER,0.29999999999999716,3.333333333333365
Briar,52.71,-0.27,49.75,6.35,14.9,22.0,jungle lane,126667.0,SILVER,2.960000000000001,7.432432432432431
Miss Fortune,51.37,0.19,49.75,18.69,8.13,33.0,bottom lane,372709.0,SILVER,1.6199999999999974,20.370370370370402
Mordekaiser,52.25,0.06,49.75,9.89,16.92,30.0,top lane,197128.0,SILVER,2.5,12.0
Viktor,50.97,-0.97,49.75,4.35,2.36,5.0,middle lane,86772.0,SILVER,1.2199999999999989,4.098360655737709
Malphite,51.22,-0.4,49.75,7.01,15.31,12.0,top lane,139847.0,SILVER,1.4699999999999989,8.163265306122454
Jarvan IV,49.86,-0.36,49.75,3.86,0.72,0.0,jungle lane,77015.0,SILVER,0.10999999999999943,0.0
Tryndamere,50.55,-0.12,49.75,4.14,3.45,3.0,top lane,82604.0,SILVER,0.7999999999999972,3.7500000000000133
Graves,49.21,-0.93,49.75,6.63,5.29,-4.0,jungle lane,132179.0,SILVER,-0.5399999999999991,-7.407407407407419
Karthus,48.57,-0.65,49.75,1.21,0.31,-1.0,jungle lane,24217.0,SILVER,-1.1799999999999997,-0.8474576271186443
Kog'Maw,51.84,-0.16,49.75,1.4,0.4,3.0,bottom lane,27890.0,SILVER,2.0900000000000034,1.435406698564591
Ekko,49.86,-0.1,49.75,3.15,1.94,0.0,middle lane,62733.0,SILVER,0.10999999999999943,0.0
Janna,50.54,0.18,49.75,1.22,0.17,1.0,support lane,24360.0,SILVER,0.7899999999999991,1.265822784810128
Vayne,49.43,-0.25,49.75,7.27,11.76,-3.0,bottom lane,144951.0,SILVER,-0.3200000000000003,-9.374999999999991
Leona,51.02,-0.49,49.75,8.41,10.11,12.0,support lane,167685.0,SILVER,1.2700000000000031,9.448818897637771
Twitch,50.29,-0.26,49.75,4.75,8.01,3.0,bottom lane,94690.0,SILVER,0.5399999999999991,5.555555555555564
Sett,52.0,0.06,49.75,8.11,5.15,19.0,top lane,161705.0,SILVER,2.25,8.444444444444445
Jhin,49.28,-0.46,49.75,15.91,4.43,-8.0,bottom lane,317319.0,SILVER,-0.46999999999999886,-17.021276595744723
Lillia,51.73,-0.07,49.75,3.7,2.22,7.0,jungle lane,73718.0,SILVER,1.9799999999999969,3.535353535353541
Teemo,51.86,0.0,49.75,9.31,19.09,24.0,top lane,185667.0,SILVER,2.1099999999999994,11.374407582938392
Draven,47.23,-0.44,49.75,3.15,7.42,-9.0,bottom lane,62801.0,SILVER,-2.520000000000003,-3.571428571428567
Nilah,53.07,-0.09,49.75,1.27,1.99,4.0,bottom lane,25391.0,SILVER,3.3200000000000003,1.2048192771084336
Caitlyn,49.52,-0.46,49.75,21.66,30.65,-7.0,bottom lane,431920.0,SILVER,-0.22999999999999687,-30.434782608696064
Zed,49.39,-0.28,49.75,8.34,24.21,-4.0,middle lane,166350.0,SILVER,-0.35999999999999943,-11.111111111111128
Kled,50.46,-0.33,49.75,1.09,0.71,1.0,top lane,21641.0,SILVER,0.7100000000000009,1.4084507042253505
Ezreal,46.77,-0.56,49.75,14.28,6.46,-45.0,bottom lane,284730.0,SILVER,-2.979999999999997,-15.100671140939614
Thresh,49.14,-0.39,49.75,8.54,3.39,-5.0,support lane,170196.0,SILVER,-0.6099999999999994,-8.196721311475418
Karma,48.85,-0.56,49.75,4.09,2.61,-4.0,support lane,81632.0,SILVER,-0.8999999999999986,-4.444444444444452
Veigar,52.64,0.14,49.75,8.13,4.84,25.0,middle lane,162207.0,SILVER,2.8900000000000006,8.650519031141867
Lucian,47.11,-0.34,49.75,5.85,1.82,-16.0,bottom lane,116691.0,SILVER,-2.6400000000000006,-6.06060606060606
Jax,49.69,-0.54,49.75,5.33,9.19,0.0,top lane,106283.0,SILVER,-0.060000000000002274,0.0
Ambessa,47.02,-0.86,49.75,1.81,3.68,-5.0,jungle lane,36013.0,SILVER,-2.729999999999997,-1.8315018315018337
Yunara,47.06,-0.23,49.75,4.25,1.96,-12.0,bottom lane,84692.0,SILVER,-2.6899999999999977,-4.460966542750933
Urgot,51.06,0.14,49.75,2.81,1.76,4.0,top lane,55971.0,SILVER,1.3100000000000023,3.0534351145038117
Ahri,49.57,-0.03,49.75,9.81,4.62,-2.0,middle lane,195566.0,SILVER,-0.17999999999999972,-11.111111111111128
Ziggs,51.42,-0.32,49.75,1.65,0.9,3.0,bottom lane,32946.0,SILVER,1.6700000000000017,1.7964071856287407
Yasuo,49.61,-0.15,49.75,11.59,20.94,-2.0,middle lane,231152.0,SILVER,-0.14000000000000057,-14.285714285714228
Rek'Sai,47.32,-0.16,49.75,0.76,0.46,-2.0,jungle lane,15250.0,SILVER,-2.4299999999999997,-0.8230452674897121
Lee Sin,46.85,-0.7,49.75,8.94,10.33,-29.0,jungle lane,178185.0,SILVER,-2.8999999999999986,-10.000000000000005
Yorick,52.16,-0.23,49.75,6.55,15.17,19.0,top lane,130637.0,SILVER,2.4099999999999966,7.883817427385903
Fizz,51.06,-0.34,49.75,6.24,11.12,9.0,middle lane,124420.0,SILVER,1.3100000000000023,6.870229007633576
Nautilus,48.96,-0.38,49.75,9.89,12.56,-9.0,support lane,197283.0,SILVER,-0.7899999999999991,-11.392405063291152
Kai'Sa,47.5,-0.63,49.75,11.23,2.07,-26.0,bottom lane,223963.0,SILVER,-2.25,-11.555555555555555
Rammus,52.89,-0.45,49.75,2.93,6.58,10.0,jungle lane,58435.0,SILVER,3.1400000000000006,3.1847133757961776
Pantheon,48.58,-0.37,49.75,4.38,2.4,-5.0,support lane,87322.0,SILVER,-1.1700000000000017,-4.273504273504267
Aphelios,48.46,-0.7,49.75,2.97,1.76,-4.0,bottom lane,59163.0,SILVER,-1.2899999999999991,-3.1007751937984516
Taric,53.3,0.81,49.75,1.02,0.23,4.0,support lane,20303.0,SILVER,3.549999999999997,1.1267605633802826
Ornn,50.63,-0.3,49.75,2.98,0.7,3.0,top lane,59410.0,SILVER,0.8800000000000026,3.4090909090908994
Sivir,48.93,-0.14,49.75,2.94,1.65,-2.0,bottom lane,58568.0,SILVER,-0.8200000000000003,-2.4390243902439015
Anivia,49.69,-0.33,49.75,2.05,1.71,0.0,middle lane,40801.0,SILVER,-0.060000000000002274,0.0
Poppy,50.24,-0.56,49.75,1.45,0.89,1.0,support lane,28877.0,SILVER,0.490000000000002,2.040816326530604
Bard,48.17,-0.08,49.75,2.4,0.67,-4.0,support lane,47865.0,SILVER,-1.5799999999999983,-2.531645569620256
Morgana,50.98,-0.11,49.75,10.16,26.03,17.0,support lane,202616.0,SILVER,1.2299999999999969,13.821138211382149
Amumu,51.91,-0.6,49.75,4.97,3.15,11.0,jungle lane,99174.0,SILVER,2.1599999999999966,5.0925925925926006
Corki,46.91,-0.36,49.75,1.03,0.3,-3.0,bottom lane,20588.0,SILVER,-2.8400000000000034,-1.056338028169013
Nasus,50.09,0.19,49.75,5.02,4.77,2.0,top lane,100177.0,SILVER,0.3400000000000034,5.8823529411764115
Senna,49.05,-0.05,49.75,4.83,1.25,-3.0,support lane,96362.0,SILVER,-0.7000000000000028,-4.285714285714269
Udyr,48.91,-0.47,49.75,1.67,0.54,-1.0,jungle lane,33337.0,SILVER,-0.8400000000000034,-1.1904761904761856
Varus,47.13,-0.01,49.75,3.9,2.18,-10.0,bottom lane,77861.0,SILVER,-2.6199999999999974,-3.8167938931297747
Illaoi,51.82,0.2,49.75,4.31,11.18,10.0,top lane,85973.0,SILVER,2.0700000000000003,4.8309178743961345
Pyke,48.25,-0.03,49.75,5.9,14.05,-10.0,support lane,117711.0,SILVER,-1.5,-6.666666666666667
Blitzcrank,49.36,0.09,49.75,5.89,14.97,-3.0,support lane,117387.0,SILVER,-0.39000000000000057,-7.692307692307681
Bel'Veth,47.88,-0.35,49.75,1.23,0.94,-2.0,jungle lane,24537.0,SILVER,-1.8699999999999974,-1.0695187165775415
Zeri,46.52,-0.55,49.75,1.47,0.23,-5.0,bottom lane,29237.0,SILVER,-3.229999999999997,-1.5479876160990726
Heimerdinger,50.48,0.29,49.75,2.3,6.05,2.0,top lane,45889.0,SILVER,0.7299999999999969,2.739726027397272
Talon,47.6,0.16,49.75,2.38,1.22,-5.0,middle lane,47446.0,SILVER,-2.1499999999999986,-2.3255813953488387
Xayah,49.14,-0.5,49.75,2.92,0.53,-2.0,bottom lane,58244.0,SILVER,-0.6099999999999994,-3.278688524590167
Tristana,47.88,0.14,49.75,6.0,2.97,-12.0,bottom lane,119717.0,SILVER,-1.8699999999999974,-6.417112299465249
Maokai,50.4,-0.18,49.75,2.15,0.32,1.0,support lane,42879.0,SILVER,0.6499999999999986,1.5384615384615419
Hecarim,43.97,0.07,49.75,2.06,0.68,-12.0,jungle lane,41098.0,SILVER,-5.780000000000001,-2.076124567474048
Fiddlesticks,49.55,-0.39,49.75,2.11,0.76,0.0,jungle lane,42010.0,SILVER,-0.20000000000000284,0.0
Malzahar,51.84,-0.64,49.75,9.95,20.49,26.0,middle lane,198394.0,SILVER,2.0900000000000034,12.44019138755979
Shen,49.59,-0.74,49.75,2.74,0.83,0.0,top lane,54539.0,SILVER,-0.1599999999999966,0.0
Lulu,48.24,-0.53,49.75,4.78,3.48,-7.0,support lane,95283.0,SILVER,-1.509999999999998,-4.635761589403979
Shaco,48.3,-0.41,49.75,6.8,31.46,-14.0,jungle lane,135615.0,SILVER,-1.4500000000000028,-9.655172413793084
Wukong,50.03,-0.34,49.75,2.07,0.46,1.0,jungle lane,41241.0,SILVER,0.28000000000000114,3.571428571428557
Qiyana,45.47,-0.12,49.75,1.36,0.35,-6.0,middle lane,27135.0,SILVER,-4.280000000000001,-1.4018691588785044
Kha'Zix,46.59,-0.54,49.75,3.74,1.92,-12.0,jungle lane,74651.0,SILVER,-3.1599999999999966,-3.797468354430384
Kalista,45.27,-0.73,49.75,1.13,0.36,-5.0,bottom lane,22458.0,SILVER,-4.479999999999997,-1.1160714285714293
Katarina,47.87,-0.31,49.75,5.74,6.21,-12.0,middle lane,114502.0,SILVER,-1.8800000000000026,-6.382978723404246
Rengar,44.21,0.05,49.75,2.42,1.45,-14.0,jungle lane,48197.0,SILVER,-5.539999999999999,-2.5270758122743686
Gangplank,49.0,-0.79,49.75,2.82,2.08,-2.0,top lane,56176.0,SILVER,-0.75,-2.6666666666666665
Swain,49.64,-0.21,49.75,5.48,6.7,-1.0,support lane,109181.0,SILVER,-0.10999999999999943,-9.090909090909138
Elise,47.92,-0.42,49.75,0.98,0.41,-2.0,jungle lane,19552.0,SILVER,-1.8299999999999983,-1.092896174863389
Akali,48.3,0.09,49.75,8.47,16.64,-15.0,middle lane,168906.0,SILVER,-1.4500000000000028,-10.344827586206875
Aatrox,48.05,-0.22,49.75,4.31,6.74,-8.0,top lane,85929.0,SILVER,-1.7000000000000028,-4.705882352941169
Nidalee,43.87,-0.21,49.75,0.98,0.29,-6.0,jungle lane,19492.0,SILVER,-5.880000000000003,-1.0204081632653057
Volibear,50.46,-0.35,49.75,4.35,4.32,3.0,top lane,86674.0,SILVER,0.7100000000000009,4.225352112676052
Ivern,46.94,-0.44,49.75,0.6,0.24,-2.0,jungle lane,11978.0,SILVER,-2.8100000000000023,-0.7117437722419923
Jayce,45.61,-0.62,49.75,2.05,1.35,-9.0,top lane,40872.0,SILVER,-4.140000000000001,-2.1739130434782608
Renata Glasc,50.0,-0.16,49.75,0.61,0.15,0.0,support lane,12233.0,SILVER,0.25,0.0
Zac,48.74,-0.71,49.75,1.75,0.5,-2.0,jungle lane,34959.0,SILVER,-1.009999999999998,-1.9801980198019842
Darius,47.6,-0.02,49.75,8.96,17.52,-23.0,top lane,178589.0,SILVER,-2.1499999999999986,-10.697674418604658
Vi,49.72,-0.16,49.75,4.91,0.97,0.0,jungle lane,97826.0,SILVER,-0.030000000000001137,0.0
Sylas,48.3,-0.16,49.75,6.27,10.45,-10.0,middle lane,124936.0,SILVER,-1.4500000000000028,-6.896551724137917
Skarner,46.14,-0.68,49.75,0.61,0.17,-2.0,jungle lane,12078.0,SILVER,-3.6099999999999994,-0.554016620498615
Riven,45.6,-0.49,49.75,2.27,0.67,-9.0,top lane,45213.0,SILVER,-4.149999999999999,-2.1686746987951815
Syndra,49.33,-0.91,49.75,2.72,1.85,-1.0,middle lane,54335.0,SILVER,-0.4200000000000017,-2.380952380952371
Rakan,48.68,-0.14,49.75,1.96,0.28,-2.0,support lane,39152.0,SILVER,-1.0700000000000003,-1.8691588785046724
LeBlanc,48.1,-0.26,49.75,3.71,11.52,-7.0,middle lane,74001.0,SILVER,-1.6499999999999986,-4.242424242424246
Rumble,46.98,-0.41,49.75,1.71,0.64,-5.0,top lane,34150.0,SILVER,-2.770000000000003,-1.8050541516245466
Kindred,47.1,-0.05,49.75,2.62,0.68,-7.0,jungle lane,52297.0,SILVER,-2.6499999999999986,-2.641509433962266
Braum,49.55,-0.43,49.75,5.0,2.53,-1.0,support lane,99652.0,SILVER,-0.20000000000000284,-4.999999999999929
Orianna,46.61,-0.43,49.75,2.54,0.58,-8.0,middle lane,50724.0,SILVER,-3.1400000000000006,-2.547770700636942
Alistar,48.49,-0.66,49.75,2.51,0.99,-3.0,support lane,50028.0,SILVER,-1.259999999999998,-2.380952380952385
Vex,50.1,0.16,49.75,3.94,4.32,1.0,middle lane,78611.0,SILVER,0.3500000000000014,2.8571428571428457
Evelynn,48.71,0.09,49.75,2.12,1.38,-2.0,jungle lane,42227.0,SILVER,-1.0399999999999991,-1.9230769230769247
Fiora,47.73,-0.16,49.75,2.44,2.09,-5.0,top lane,48697.0,SILVER,-2.020000000000003,-2.4752475247524712
Neeko,48.2,0.16,49.75,2.76,1.44,-4.0,support lane,55036.0,SILVER,-1.5499999999999972,-2.5806451612903274
Hwei,49.91,0.01,49.75,2.58,1.23,0.0,middle lane,51432.0,SILVER,0.1599999999999966,0.0
Sejuani,49.5,-0.63,49.75,1.97,0.25,0.0,jungle lane,39357.0,SILVER,-0.25,0.0
Akshan,47.33,-0.4,49.75,1.73,1.29,-4.0,middle lane,34530.0,SILVER,-2.4200000000000017,-1.65289256198347
Twisted Fate,48.36,-0.42,49.75,2.44,0.3,-3.0,middle lane,48676.0,SILVER,-1.3900000000000006,-2.158273381294963
Camille,46.44,-0.16,49.75,1.28,0.47,-4.0,top lane,25472.0,SILVER,-3.3100000000000023,-1.2084592145015098
Trundle,50.06,-0.19,49.75,2.26,0.87,1.0,top lane,45134.0,SILVER,0.3100000000000023,3.2258064516128795
Aurora,48.26,-0.08,49.75,2.56,1.86,-4.0,middle lane,51123.0,SILVER,-1.490000000000002,-2.6845637583892583
Renekton,49.87,-0.3,49.75,4.49,2.76,1.0,top lane,89531.0,SILVER,0.11999999999999744,8.333333333333512
Nunu & Willump,47.87,-0.15,49.75,1.97,0.46,-4.0,jungle lane,39223.0,SILVER,-1.8800000000000026,-2.1276595744680824
Galio,48.77,-0.34,49.75,2.99,1.59,-3.0,middle lane,59532.0,SILVER,-0.9799999999999969,-3.061224489795928
Zaahen,48.47,-0.05,49.75,1.99,2.4,-3.0,top lane,39713.0,SILVER,-1.2800000000000011,-2.343749999999998
Taliyah,45.75,0.21,49.75,0.69,0.12,-3.0,middle lane,13741.0,SILVER,-4.0,-0.75
Tahm Kench,49.16,-0.04,49.75,4.21,5.74,-3.0,support lane,84014.0,SILVER,-0.5900000000000034,-5.084745762711835
Gwen,47.84,-0.16,49.75,2.29,1.99,-4.0,top lane,45581.0,SILVER,-1.9099999999999966,-2.0942408376963386
Cassiopeia,47.3,-0.16,49.75,1.03,0.78,-3.0,middle lane,20466.0,SILVER,-2.450000000000003,-1.2244897959183658
Annie,49.6,-0.67,49.75,2.51,0.95,0.0,middle lane,50101.0,SILVER,-0.14999999999999858,0.0
K'Sante,45.13,-0.2,49.75,2.2,1.24,-10.0,top lane,43838.0,SILVER,-4.619999999999997,-2.164502164502166
Kassadin,48.17,-0.04,49.75,1.22,0.64,-2.0,middle lane,24352.0,SILVER,-1.5799999999999983,-1.265822784810128
Kennen,46.45,-0.11,49.75,1.68,1.17,-6.0,top lane,33583.0,SILVER,-3.299999999999997,-1.8181818181818197
Yuumi,48.08,0.02,49.75,4.1,2.93,-7.0,support lane,81804.0,SILVER,-1.6700000000000017,-4.191616766467061
Zoe,46.3,-0.22,49.75,2.53,2.43,-9.0,middle lane,50452.0,SILVER,-3.450000000000003,-2.608695652173911
Ryze,47.36,-0.13,49.75,2.1,0.5,-5.0,middle lane,41782.0,SILVER,-2.3900000000000006,-2.0920502092050204
Cho'Gath,49.61,0.01,49.75,2.99,1.24,0.0,top lane,59671.0,SILVER,-0.14000000000000057,0.0
Quinn,46.22,-0.36,49.75,1.42,1.24,-5.0,top lane,28280.0,SILVER,-3.530000000000001,-1.4164305949008493
Gragas,45.58,0.23,49.75,1.44,0.31,-6.0,top lane,28712.0,SILVER,-4.170000000000002,-1.4388489208633088
Mel,46.94,0.05,49.75,5.92,38.53,-27.0,middle lane,118045.0,SILVER,-2.8100000000000023,-9.608540925266896
Azir,44.29,-0.78,49.75,1.48,0.42,-8.0,middle lane,29591.0,SILVER,-5.460000000000001,-1.4652014652014649
Gnar,46.89,-0.63,49.75,2.56,0.76,-7.0,top lane,51023.0,SILVER,-2.8599999999999994,-2.447552447552448
Xin Zhao,50.08,-1.07,48.81,7.77,4.1,10.0,jungle lane,93608.0,BRONZE,1.269999999999996,7.874015748031521
Seraphine,51.43,-0.76,48.81,16.73,7.65,47.0,support lane,201688.0,BRONZE,2.6199999999999974,17.938931297709942
Naafiri,53.0,-0.62,48.81,5.93,19.34,31.0,middle lane,71478.0,BRONZE,4.189999999999998,7.398568019093083
Singed,51.89,-1.34,48.81,1.88,1.15,6.0,top lane,22700.0,BRONZE,3.0799999999999983,1.9480519480519491
Nami,49.98,-1.29,48.81,5.1,1.26,6.0,support lane,61504.0,BRONZE,1.1699999999999946,5.128205128205152
Jax,49.87,-1.19,48.81,6.18,9.27,7.0,jungle lane,74446.0,BRONZE,1.0599999999999952,6.60377358490569
Garen,50.66,-1.3,48.81,10.8,9.77,22.0,top lane,130208.0,BRONZE,1.8499999999999943,11.891891891891929
Xerath,50.72,-1.09,48.81,4.75,11.68,10.0,middle lane,57247.0,BRONZE,1.9099999999999966,5.235602094240847
Smolder,52.79,-1.49,48.81,10.66,7.4,46.0,bottom lane,128507.0,BRONZE,3.979999999999997,11.557788944723628
Shyvana,53.09,-1.23,48.81,7.65,8.98,36.0,jungle lane,92184.0,BRONZE,4.280000000000001,8.411214953271026
Rell,50.27,-1.88,48.81,2.27,0.78,3.0,support lane,27400.0,BRONZE,1.4600000000000009,2.054794520547944
Sion,50.79,-2.07,48.81,2.92,1.22,6.0,top lane,35210.0,BRONZE,1.9799999999999969,3.030303030303035
Milio,50.36,-0.55,48.81,2.89,1.31,5.0,support lane,34782.0,BRONZE,1.5499999999999972,3.2258064516129092
Dr. Mundo,50.22,-1.59,48.81,4.56,8.5,7.0,top lane,55017.0,BRONZE,1.4099999999999966,4.964539007092211
Nocturne,50.23,-1.25,48.81,9.29,13.41,15.0,jungle lane,111953.0,BRONZE,1.4199999999999946,10.563380281690181
Soraka,49.99,-1.05,48.81,3.21,1.62,4.0,support lane,38688.0,BRONZE,1.1799999999999997,3.389830508474577
Tryndamere,50.33,-1.17,48.81,4.3,3.94,7.0,top lane,51862.0,BRONZE,1.519999999999996,4.605263157894749
Jinx,48.99,-1.4,48.81,13.21,5.7,3.0,bottom lane,159238.0,BRONZE,0.17999999999999972,16.666666666666693
Karthus,48.47,-0.61,48.81,1.04,0.29,0.0,jungle lane,12519.0,BRONZE,-0.3400000000000034,0.0
Mordekaiser,51.04,-1.0,48.81,11.82,17.87,32.0,top lane,142517.0,BRONZE,2.229999999999997,14.349775784753383
Vel'Koz,50.34,-1.26,48.81,3.35,1.77,5.0,support lane,40342.0,BRONZE,1.5300000000000011,3.267973856209148
Miss Fortune,50.83,-1.2,48.81,23.09,11.38,53.0,bottom lane,278380.0,BRONZE,2.019999999999996,26.237623762376288
Sona,50.23,-0.77,48.81,3.04,0.34,4.0,support lane,36605.0,BRONZE,1.4199999999999946,2.816901408450715
Briar,51.88,-1.14,48.81,6.92,15.04,25.0,jungle lane,83434.0,BRONZE,3.0700000000000003,8.143322475570033
Warwick,50.91,-0.48,48.81,11.0,10.93,26.0,jungle lane,132654.0,BRONZE,2.0999999999999943,12.380952380952415
Aurelion Sol,50.19,-1.55,48.81,2.34,1.19,3.0,middle lane,28156.0,BRONZE,1.3799999999999955,2.173913043478268
Kled,50.34,-1.8,48.81,0.96,0.68,1.0,top lane,11600.0,BRONZE,1.5300000000000011,0.6535947712418296
Malphite,50.06,-1.01,48.81,6.59,13.21,9.0,top lane,79443.0,BRONZE,1.25,7.2
Zyra,50.43,-1.65,48.81,4.4,4.07,7.0,support lane,52999.0,BRONZE,1.6199999999999974,4.320987654320994
Brand,51.64,-1.51,48.81,6.76,12.17,22.0,support lane,81437.0,BRONZE,2.8299999999999983,7.773851590106012
Graves,48.51,-1.69,48.81,4.43,3.69,-1.0,jungle lane,53363.0,BRONZE,-0.30000000000000426,-3.333333333333286
Vladimir,49.33,-0.91,48.81,2.32,2.75,1.0,middle lane,27916.0,BRONZE,0.519999999999996,1.9230769230769378
Ambessa,46.85,-0.51,48.81,1.56,2.82,-3.0,jungle lane,18799.0,BRONZE,-1.9600000000000009,-1.5306122448979584
Vayne,48.29,-1.7,48.81,6.37,11.27,-4.0,bottom lane,76802.0,BRONZE,-0.5200000000000031,-7.692307692307646
Viego,49.08,-1.23,48.81,10.12,9.21,3.0,jungle lane,122048.0,BRONZE,0.269999999999996,11.111111111111274
Irelia,48.12,-1.23,48.81,3.33,9.18,-3.0,top lane,40083.0,BRONZE,-0.6900000000000048,-4.347826086956491
Leona,50.62,-1.62,48.81,8.39,9.61,17.0,support lane,101124.0,BRONZE,1.8099999999999952,9.392265193370191
Samira,49.41,-1.56,48.81,6.14,13.57,4.0,bottom lane,74060.0,BRONZE,0.5999999999999943,6.66666666666673
Lillia,50.45,-2.1,48.81,3.47,2.16,6.0,jungle lane,41862.0,BRONZE,1.6400000000000006,3.6585365853658525
Kayn,49.39,-1.39,48.81,10.47,6.15,6.0,jungle lane,126240.0,BRONZE,0.5799999999999983,10.344827586206927
Jhin,48.28,-1.61,48.81,14.03,5.29,-8.0,bottom lane,169153.0,BRONZE,-0.5300000000000011,-15.094339622641478
Sett,51.02,-1.13,48.81,9.62,5.9,23.0,top lane,116008.0,BRONZE,2.210000000000001,10.407239819004522
Kog'Maw,50.83,-1.0,48.81,1.34,0.43,3.0,bottom lane,16108.0,BRONZE,2.019999999999996,1.485148514851488
Ekko,49.11,-1.59,48.81,3.31,2.12,1.0,middle lane,39928.0,BRONZE,0.29999999999999716,3.333333333333365
Jarvan IV,48.6,-2.01,48.81,2.95,0.62,-1.0,jungle lane,35580.0,BRONZE,-0.21000000000000085,-4.761904761904742
Draven,46.76,-1.05,48.81,2.56,6.52,-6.0,bottom lane,30877.0,BRONZE,-2.0500000000000043,-2.9268292682926766
Master Yi,49.33,-1.04,48.81,13.85,23.68,9.0,jungle lane,166942.0,BRONZE,0.519999999999996,17.30769230769244
Teemo,50.94,-1.43,48.81,9.96,22.62,27.0,top lane,120072.0,BRONZE,2.1299999999999955,12.676056338028197
Ashe,49.16,-1.13,48.81,16.55,9.55,6.0,bottom lane,199535.0,BRONZE,0.3499999999999943,17.142857142857423
Yasuo,49.36,-1.51,48.81,12.33,21.23,9.0,middle lane,148642.0,BRONZE,0.5499999999999972,16.36363636363645
Karma,47.89,-1.45,48.81,3.06,1.64,-3.0,support lane,36919.0,BRONZE,-0.9200000000000017,-3.2608695652173854
Yone,49.8,-1.14,48.81,10.57,9.32,12.0,middle lane,127402.0,BRONZE,0.9899999999999949,12.121212121212183
Yorick,52.08,-1.94,48.81,6.49,15.92,25.0,top lane,78235.0,BRONZE,3.269999999999996,7.645259938837929
Lux,49.86,-1.4,48.81,19.83,23.51,27.0,support lane,239038.0,BRONZE,1.0499999999999972,25.714285714285783
Ziggs,50.93,-0.2,48.81,1.89,1.14,4.0,bottom lane,22796.0,BRONZE,2.1199999999999974,1.886792452830191
Veigar,51.56,-1.48,48.81,9.17,6.22,27.0,middle lane,110587.0,BRONZE,2.75,9.818181818181818
Ezreal,45.96,-1.01,48.81,11.76,6.2,-36.0,bottom lane,141735.0,BRONZE,-2.8500000000000014,-12.631578947368414
Urgot,50.05,-1.2,48.81,2.99,2.04,4.0,top lane,36091.0,BRONZE,1.2399999999999949,3.2258064516129163
Caitlyn,48.65,-1.47,48.81,20.8,31.08,-5.0,bottom lane,250785.0,BRONZE,-0.1600000000000037,-31.24999999999928
Thresh,47.82,-1.1,48.81,7.2,2.65,-7.0,support lane,86769.0,BRONZE,-0.990000000000002,-7.070707070707057
Rammus,52.6,-1.46,48.81,2.91,6.4,12.0,jungle lane,35122.0,BRONZE,3.789999999999999,3.1662269129287606
Nilah,50.95,-1.84,48.81,1.19,1.7,3.0,bottom lane,14348.0,BRONZE,2.1400000000000006,1.4018691588785044
Lee Sin,45.39,-0.95,48.81,7.27,8.96,-27.0,jungle lane,87603.0,BRONZE,-3.4200000000000017,-7.894736842105259
Nautilus,48.5,-1.28,48.81,9.98,11.6,-3.0,support lane,120271.0,BRONZE,-0.3100000000000023,-9.677419354838639
Yunara,46.63,-0.94,48.81,4.41,1.88,-10.0,bottom lane,53204.0,BRONZE,-2.1799999999999997,-4.587155963302753
Zed,47.49,-1.32,48.81,7.55,21.26,-13.0,middle lane,91039.0,BRONZE,-1.3200000000000003,-9.848484848484846
Rek'Sai,44.8,-0.79,48.81,0.65,0.41,-3.0,jungle lane,7871.0,BRONZE,-4.010000000000005,-0.7481296758104728
Olaf,47.81,-1.32,48.81,2.41,1.68,-2.0,top lane,28992.0,BRONZE,-1.0,-2.0
Twitch,48.87,-1.46,48.81,4.57,9.01,0.0,bottom lane,55104.0,BRONZE,0.05999999999999517,0.0
Ahri,48.12,-0.84,48.81,10.51,5.06,-8.0,middle lane,126701.0,BRONZE,-0.6900000000000048,-11.594202898550643
Zilean,49.28,-1.6,48.81,1.16,0.4,1.0,support lane,14023.0,BRONZE,0.46999999999999886,2.1276595744680904
Amumu,51.87,-1.01,48.81,5.38,3.39,17.0,jungle lane,64815.0,BRONZE,3.059999999999995,5.555555555555564
Lucian,45.5,-1.72,48.81,4.79,1.58,-16.0,bottom lane,57767.0,BRONZE,-3.3100000000000023,-4.833836858006039
Illaoi,51.15,-1.4,48.81,5.31,13.95,14.0,top lane,63997.0,BRONZE,2.3399999999999963,5.982905982905993
Taric,50.94,-1.75,48.81,0.98,0.24,2.0,support lane,11786.0,BRONZE,2.1299999999999955,0.9389671361502367
Aphelios,47.82,-1.5,48.81,2.83,1.78,-3.0,bottom lane,34061.0,BRONZE,-0.990000000000002,-3.030303030303024
Viktor,49.94,-1.78,48.81,3.08,1.78,4.0,middle lane,37118.0,BRONZE,1.1299999999999955,3.539823008849572
Bel'Veth,47.07,-1.22,48.81,1.18,0.88,-2.0,jungle lane,14252.0,BRONZE,-1.740000000000002,-1.1494252873563204
Anivia,48.63,-1.17,48.81,1.69,1.41,0.0,middle lane,20353.0,BRONZE,-0.17999999999999972,0.0
Kai'Sa,46.8,-1.38,48.81,9.73,2.11,-20.0,bottom lane,117348.0,BRONZE,-2.010000000000005,-9.95024875621888
Kayle,49.43,-1.28,48.81,3.56,2.43,2.0,top lane,42927.0,BRONZE,0.6199999999999974,3.2258064516129163
Corki,45.89,-0.97,48.81,0.82,0.29,-2.0,bottom lane,9856.0,BRONZE,-2.9200000000000017,-0.6849315068493147
Pantheon,47.77,-0.99,48.81,4.91,2.46,-5.0,support lane,59226.0,BRONZE,-1.0399999999999991,-4.807692307692312
Lissandra,48.59,-1.12,48.81,2.12,1.4,0.0,middle lane,25507.0,BRONZE,-0.21999999999999886,0.0
Sivir,47.12,-1.7,48.81,2.58,1.47,-4.0,bottom lane,31074.0,BRONZE,-1.6900000000000048,-2.3668639053254372
Morgana,50.11,-1.31,48.81,12.27,24.99,21.0,support lane,147889.0,BRONZE,1.2999999999999972,16.15384615384619
Talon,46.12,-1.31,48.81,2.26,1.09,-6.0,middle lane,27231.0,BRONZE,-2.690000000000005,-2.2304832713754608
Gangplank,47.48,-1.02,48.81,1.87,1.45,-3.0,top lane,22562.0,BRONZE,-1.3300000000000054,-2.2556390977443517
Maokai,50.15,-1.35,48.81,2.42,0.36,3.0,support lane,29177.0,BRONZE,1.3399999999999963,2.2388059701492597
Varus,46.13,-0.92,48.81,4.37,2.1,-12.0,bottom lane,52633.0,BRONZE,-2.6799999999999997,-4.477611940298508
Jayce,44.87,-0.9,48.81,1.52,1.05,-6.0,top lane,18323.0,BRONZE,-3.940000000000005,-1.5228426395939068
Zeri,45.26,-0.35,48.81,1.36,0.23,-5.0,bottom lane,16380.0,BRONZE,-3.5500000000000043,-1.4084507042253505
Qiyana,43.81,-0.87,48.81,1.24,0.29,-6.0,middle lane,14889.0,BRONZE,-5.0,-1.2
Udyr,48.0,-1.34,48.81,1.45,0.46,-1.0,jungle lane,17534.0,BRONZE,-0.8100000000000023,-1.2345679012345645
Tristana,47.3,-1.06,48.81,7.48,4.01,-12.0,bottom lane,90127.0,BRONZE,-1.5100000000000051,-7.947019867549642
Diana,49.78,-0.88,48.81,4.69,5.6,5.0,middle lane,56586.0,BRONZE,0.9699999999999989,5.154639175257738
Malzahar,51.11,-1.85,48.81,8.11,20.12,23.0,middle lane,97786.0,BRONZE,2.299999999999997,10.000000000000012
Xayah,47.43,-1.45,48.81,2.81,0.57,-4.0,bottom lane,33826.0,BRONZE,-1.3800000000000026,-2.898550724637676
Katarina,46.87,-1.4,48.81,4.84,5.56,-10.0,middle lane,58318.0,BRONZE,-1.9400000000000048,-5.154639175257719
Hecarim,43.32,-0.32,48.81,2.4,0.63,-13.0,jungle lane,28879.0,BRONZE,-5.490000000000002,-2.3679417122040065
Kalista,45.77,-1.36,48.81,1.19,0.44,-4.0,bottom lane,14375.0,BRONZE,-3.039999999999999,-1.3157894736842108
Pyke,46.93,-1.05,48.81,6.78,15.17,-15.0,support lane,81764.0,BRONZE,-1.8800000000000026,-7.978723404255308
Rumble,46.25,-1.41,48.81,1.47,0.56,-4.0,top lane,17737.0,BRONZE,-2.5600000000000023,-1.5624999999999987
Bard,46.07,-1.0,48.81,1.88,0.62,-5.0,support lane,22647.0,BRONZE,-2.740000000000002,-1.8248175182481738
Elise,46.58,-1.75,48.81,0.74,0.32,-2.0,jungle lane,8893.0,BRONZE,-2.230000000000004,-0.8968609865470836
Senna,47.51,-1.5,48.81,4.47,1.23,-6.0,support lane,53833.0,BRONZE,-1.3000000000000043,-4.6153846153846
Skarner,45.89,-0.76,48.81,0.63,0.15,-2.0,jungle lane,7646.0,BRONZE,-2.9200000000000017,-0.6849315068493147
Shen,47.4,-1.6,48.81,2.15,0.65,-3.0,top lane,25888.0,BRONZE,-1.4100000000000037,-2.1276595744680797
Blitzcrank,48.26,-0.95,48.81,6.93,15.86,-5.0,support lane,83573.0,BRONZE,-0.5500000000000043,-9.09090909090902
Kha'Zix,45.54,-0.61,48.81,3.23,1.72,-11.0,jungle lane,38923.0,BRONZE,-3.270000000000003,-3.363914373088682
Shaco,46.97,-1.3,48.81,6.48,31.98,-18.0,jungle lane,78060.0,BRONZE,-1.8400000000000034,-9.782608695652156
Akali,46.76,-0.98,48.81,9.57,16.27,-23.0,middle lane,115331.0,BRONZE,-2.0500000000000043,-11.219512195121927
Swain,49.53,-1.85,48.81,5.77,7.57,4.0,support lane,69518.0,BRONZE,0.7199999999999989,5.555555555555564
Rengar,43.18,-0.47,48.81,2.1,1.18,-12.0,jungle lane,25261.0,BRONZE,-5.630000000000003,-2.1314387211367665
Darius,46.18,-1.37,48.81,9.15,17.59,-29.0,top lane,110257.0,BRONZE,-2.6300000000000026,-11.026615969581739
Nidalee,41.88,-0.7,48.81,0.84,0.26,-6.0,jungle lane,10094.0,BRONZE,-6.93,-0.8658008658008658
Poppy,49.56,-0.93,48.81,1.41,0.69,1.0,support lane,16958.0,BRONZE,0.75,1.3333333333333333
Aatrox,46.01,-0.52,48.81,3.96,5.88,-12.0,top lane,47697.0,BRONZE,-2.8000000000000043,-4.285714285714279
Sylas,46.98,-0.9,48.81,6.58,9.88,-13.0,middle lane,79291.0,BRONZE,-1.8300000000000054,-7.103825136612001
Lulu,46.88,-0.98,48.81,3.44,2.11,-7.0,support lane,41482.0,BRONZE,-1.9299999999999997,-3.6269430051813476
Syndra,48.19,-1.42,48.81,2.04,1.61,-1.0,middle lane,24597.0,BRONZE,-0.6200000000000045,-1.6129032258064397
Ivern,45.43,-0.19,48.81,0.57,0.26,-2.0,jungle lane,6916.0,BRONZE,-3.3800000000000026,-0.5917159763313605
Ornn,49.54,-1.04,48.81,2.57,0.62,2.0,top lane,30993.0,BRONZE,0.7299999999999969,2.739726027397272
Volibear,49.77,-0.87,48.81,4.62,4.52,5.0,jungle lane,55692.0,BRONZE,0.9600000000000009,5.208333333333329
Orianna,45.72,-1.62,48.81,2.09,0.6,-6.0,middle lane,25179.0,BRONZE,-3.0900000000000034,-1.9417475728155318
Riven,43.62,-1.1,48.81,1.86,0.54,-10.0,top lane,22371.0,BRONZE,-5.190000000000005,-1.926782273603081
Zac,47.8,-1.49,48.81,1.49,0.41,-2.0,jungle lane,17958.0,BRONZE,-1.0100000000000051,-1.9801980198019702
Fiddlesticks,47.94,-0.97,48.81,1.93,0.67,-2.0,jungle lane,23217.0,BRONZE,-0.8700000000000045,-2.2988505747126315
Wukong,49.3,-1.11,48.81,2.2,0.5,1.0,jungle lane,26521.0,BRONZE,0.4899999999999949,2.0408163265306336
Fiora,46.4,-0.6,48.81,2.29,1.83,-6.0,top lane,27606.0,BRONZE,-2.4100000000000037,-2.4896265560165936
Akshan,46.28,-1.09,48.81,1.56,1.3,-4.0,middle lane,18804.0,BRONZE,-2.530000000000001,-1.581027667984189
Fizz,49.93,-1.29,48.81,6.0,11.7,8.0,middle lane,72357.0,BRONZE,1.1199999999999974,7.142857142857159
Kindred,45.2,-1.19,48.81,2.76,0.66,-10.0,jungle lane,33215.0,BRONZE,-3.6099999999999994,-2.7700831024930754
LeBlanc,46.25,-1.52,48.81,3.25,10.52,-9.0,middle lane,39118.0,BRONZE,-2.5600000000000023,-3.515624999999997
Nunu & Willump,47.24,-0.84,48.81,2.18,0.49,-3.0,jungle lane,26301.0,BRONZE,-1.5700000000000003,-1.9108280254777066
Janna,47.42,-1.07,48.81,0.92,0.15,-1.0,support lane,11033.0,BRONZE,-1.3900000000000006,-0.7194244604316544
Galio,48.37,-1.02,48.81,3.1,1.79,-1.0,middle lane,37337.0,BRONZE,-0.44000000000000483,-2.2727272727272476
Nasus,49.05,-1.74,48.81,5.25,4.42,1.0,top lane,63262.0,BRONZE,0.23999999999999488,4.166666666666756
Camille,43.6,-1.14,48.81,0.98,0.43,-5.0,top lane,11767.0,BRONZE,-5.210000000000001,-0.9596928982725527
Aurora,46.89,-1.18,48.81,2.64,1.71,-5.0,middle lane,31831.0,BRONZE,-1.9200000000000017,-2.6041666666666643
Twisted Fate,46.45,-1.23,48.81,1.79,0.25,-4.0,middle lane,21555.0,BRONZE,-2.3599999999999994,-1.6949152542372885
Alistar,47.96,-1.4,48.81,2.03,0.86,-2.0,support lane,24507.0,BRONZE,-0.8500000000000014,-2.3529411764705843
Sejuani,49.06,-1.82,48.81,1.75,0.23,0.0,jungle lane,21044.0,BRONZE,0.25,0.0
Taliyah,43.83,-1.08,48.81,0.62,0.1,-3.0,middle lane,7513.0,BRONZE,-4.980000000000004,-0.6024096385542164
Vi,48.52,-1.83,48.81,4.59,0.84,-1.0,jungle lane,55333.0,BRONZE,-0.28999999999999915,-3.4482758620689755
Evelynn,46.68,-0.62,48.81,2.26,1.27,-5.0,jungle lane,27267.0,BRONZE,-2.1300000000000026,-2.347417840375584
Kassadin,47.55,-1.13,48.81,1.05,0.53,-1.0,middle lane,12699.0,BRONZE,-1.2600000000000051,-0.7936507936507904
Braum,48.97,-1.08,48.81,4.54,1.92,1.0,support lane,54724.0,BRONZE,0.1599999999999966,6.250000000000133
Rakan,47.21,-1.58,48.81,2.03,0.3,-3.0,support lane,24474.0,BRONZE,-1.6000000000000014,-1.8749999999999984
Gwen,46.61,-0.91,48.81,2.43,1.83,-5.0,top lane,29307.0,BRONZE,-2.200000000000003,-2.27272727272727
Neeko,47.4,-0.6,48.81,3.91,1.78,-6.0,support lane,47094.0,BRONZE,-1.4100000000000037,-4.2553191489361595
K'Sante,43.95,-1.17,48.81,2.03,1.04,-10.0,top lane,24499.0,BRONZE,-4.859999999999999,-2.0576131687242802
Heimerdinger,49.13,-1.19,48.81,2.91,8.29,1.0,top lane,35063.0,BRONZE,0.3200000000000003,3.1249999999999973
Hwei,48.36,-1.42,48.81,2.41,1.06,-1.0,middle lane,29030.0,BRONZE,-0.45000000000000284,-2.222222222222208
Zaahen,46.49,-1.45,48.81,2.09,1.98,-5.0,top lane,25241.0,BRONZE,-2.3200000000000003,-2.155172413793103
Cassiopeia,45.08,-1.8,48.81,0.99,0.72,-4.0,middle lane,11920.0,BRONZE,-3.730000000000004,-1.0723860589812322
Zoe,44.68,-1.02,48.81,2.66,2.49,-11.0,middle lane,32088.0,BRONZE,-4.130000000000003,-2.663438256658594
Ryze,45.36,-2.1,48.81,1.75,0.46,-6.0,middle lane,21104.0,BRONZE,-3.450000000000003,-1.7391304347826073
Cho'Gath,48.5,-1.47,48.81,3.22,1.41,-1.0,top lane,38829.0,BRONZE,-0.3100000000000023,-3.2258064516128795
Renata Glasc,48.0,-1.58,48.81,0.55,0.15,0.0,support lane,6614.0,BRONZE,-0.8100000000000023,0.0
Kennen,44.71,-1.09,48.81,1.5,1.06,-6.0,top lane,18043.0,BRONZE,-4.100000000000001,-1.463414634146341
Annie,47.89,-1.25,48.81,2.26,0.99,-2.0,middle lane,27264.0,BRONZE,-0.9200000000000017,-2.1739130434782568
Tahm Kench,48.55,-1.38,48.81,4.49,6.14,-1.0,support lane,54157.0,BRONZE,-0.2600000000000051,-3.8461538461537703
Trundle,49.35,-1.26,48.81,2.44,1.02,1.0,top lane,29384.0,BRONZE,0.5399999999999991,1.8518518518518547
Renekton,48.23,-1.27,48.81,4.41,2.76,-3.0,top lane,53139.0,BRONZE,-0.5800000000000054,-5.1724137931034
Yuumi,46.53,4.17,48.81,4.26,2.58,-10.0,support lane,51411.0,BRONZE,-2.280000000000001,-4.385964912280699
Vex,48.25,-1.04,48.81,4.68,4.67,-3.0,middle lane,56434.0,BRONZE,-0.5600000000000023,-5.3571428571428354
Quinn,45.16,-1.08,48.81,1.48,1.25,-5.0,top lane,17853.0,BRONZE,-3.6500000000000057,-1.369863013698628
Mel,46.75,-1.19,48.81,6.8,40.48,-24.0,middle lane,81977.0,BRONZE,-2.0600000000000023,-11.650485436893192
Azir,43.74,-0.99,48.81,1.41,0.49,-7.0,middle lane,17045.0,BRONZE,-5.07,-1.3806706114398422
Gragas,43.67,-0.74,48.81,1.19,0.27,-6.0,top lane,14341.0,BRONZE,-5.140000000000001,-1.1673151750972761
Gnar,45.94,-1.15,48.81,2.23,0.67,-6.0,top lane,26886.0,BRONZE,-2.8700000000000045,-2.09059233449477
Karthus,43.2,-5.34,44.23,1.05,0.3,-1.0,jungle lane,2970.0,IRON,-1.029999999999994,-0.9708737864077727
Naafiri,47.29,-6.32,44.23,6.96,17.28,26.0,middle lane,19605.0,IRON,3.0600000000000023,8.496732026143784
Graves,42.66,-7.19,44.23,2.99,2.8,-5.0,jungle lane,8425.0,IRON,-1.5700000000000003,-3.1847133757961776
Nami,46.69,-3.79,44.23,4.18,0.98,10.0,support lane,11763.0,IRON,2.460000000000001,4.065040650406503
Singed,48.28,-4.39,44.23,1.38,1.22,6.0,top lane,3896.0,IRON,4.050000000000004,1.4814814814814798
Xin Zhao,45.94,-5.8,44.23,8.81,3.94,16.0,jungle lane,24812.0,IRON,1.7100000000000009,9.356725146198826
Rell,47.93,-3.39,44.23,2.02,0.74,8.0,support lane,5679.0,IRON,3.700000000000003,2.1621621621621605
Smolder,47.5,-6.27,44.23,8.39,5.57,29.0,bottom lane,23614.0,IRON,3.270000000000003,8.86850152905198
Jax,46.0,-5.66,44.23,7.49,9.74,15.0,jungle lane,21090.0,IRON,1.7700000000000031,8.474576271186425
Seraphine,47.98,-4.45,44.23,20.5,8.78,84.0,support lane,57738.0,IRON,3.75,22.4
Ambessa,40.44,-4.05,44.23,1.66,2.24,-6.0,jungle lane,4678.0,IRON,-3.789999999999999,-1.5831134564643803
Draven,43.59,-5.98,44.23,2.31,5.46,-2.0,bottom lane,6497.0,IRON,-0.6399999999999935,-3.125000000000032
Jinx,43.41,-6.18,44.23,13.04,6.63,-11.0,bottom lane,36735.0,IRON,-0.8200000000000003,-13.41463414634146
Jhin,44.19,-5.78,44.23,12.17,6.1,-1.0,bottom lane,34263.0,IRON,-0.03999999999999915,-25.000000000000533
Jarvan IV,44.17,-6.63,44.23,2.29,0.57,-0.0,jungle lane,6453.0,IRON,-0.05999999999999517,-0.0
Ekko,44.3,-5.71,44.23,3.03,2.31,0.0,middle lane,8529.0,IRON,0.07000000000000028,0.0
Ashe,45.21,-5.43,44.23,16.72,10.48,18.0,bottom lane,47092.0,IRON,0.980000000000004,18.367346938775437
Sion,49.04,-4.73,44.23,2.45,1.13,12.0,top lane,6897.0,IRON,4.810000000000002,2.4948024948024936
Lee Sin,40.49,-6.55,44.23,6.59,7.74,-27.0,jungle lane,18565.0,IRON,-3.739999999999995,-7.219251336898406
Vayne,43.31,-6.28,44.23,5.53,10.98,-6.0,bottom lane,15566.0,IRON,-0.9199999999999946,-6.5217391304348205
Xerath,45.9,-3.82,44.23,5.02,11.47,9.0,middle lane,14134.0,IRON,1.6700000000000017,5.389221556886222
Ezreal,41.48,-5.33,44.23,9.31,6.2,-27.0,bottom lane,26220.0,IRON,-2.75,-9.818181818181818
Zed,42.86,-6.58,44.23,6.52,18.43,-11.0,middle lane,18349.0,IRON,-1.3699999999999974,-8.029197080291986
Rek'Sai,39.69,-2.21,44.23,0.7,0.4,-3.0,jungle lane,1983.0,IRON,-4.539999999999999,-0.6607929515418504
Viego,44.13,-6.51,44.23,10.91,8.85,-1.0,jungle lane,30730.0,IRON,-0.09999999999999432,-10.000000000000568
Samira,44.2,-6.88,44.23,5.88,13.39,0.0,bottom lane,16561.0,IRON,-0.02999999999999403,0.0
Irelia,43.92,-6.6,44.23,3.76,8.06,-1.0,middle lane,10594.0,IRON,-0.30999999999999517,-3.2258064516129537
Karma,44.4,-6.28,44.23,2.02,1.01,0.0,support lane,5689.0,IRON,0.1700000000000017,0.0
Lucian,40.91,-5.83,44.23,3.78,1.42,-13.0,bottom lane,10650.0,IRON,-3.3200000000000003,-3.9156626506024095
Caitlyn,44.26,-5.9,44.23,18.06,31.44,1.0,bottom lane,50872.0,IRON,0.030000000000001137,33.33333333333207
Olaf,44.01,-6.87,44.23,2.65,1.67,-1.0,top lane,7457.0,IRON,-0.21999999999999886,-4.545454545454569
Skarner,42.74,-6.44,44.23,0.71,0.15,-1.0,jungle lane,1996.0,IRON,-1.4899999999999949,-0.6711409395973177
Kog'Maw,45.18,-6.77,44.23,1.22,0.46,1.0,bottom lane,3446.0,IRON,0.9500000000000028,1.0526315789473653
Kai'Sa,43.48,-5.8,44.23,8.89,2.24,-7.0,bottom lane,25037.0,IRON,-0.75,-9.333333333333334
Milio,47.27,-4.12,44.23,2.42,0.8,7.0,support lane,6822.0,IRON,3.0400000000000063,2.3026315789473637
Aphelios,43.61,-6.01,44.23,2.68,1.88,-2.0,bottom lane,7558.0,IRON,-0.6199999999999974,-3.2258064516129163
Yasuo,43.91,-7.5,44.23,12.13,21.24,-5.0,middle lane,34164.0,IRON,-0.3200000000000003,-15.624999999999986
Shyvana,48.56,-6.34,44.23,8.37,8.0,39.0,jungle lane,23564.0,IRON,4.330000000000005,9.006928406466502
Aurelion Sol,45.15,-5.45,44.23,2.27,1.31,2.0,middle lane,6390.0,IRON,0.9200000000000017,2.1739130434782568
Yunara,42.1,-5.81,44.23,5.21,1.77,-11.0,bottom lane,14661.0,IRON,-2.1299999999999955,-5.164319248826302
Talon,41.57,-4.0,44.23,2.13,1.09,-6.0,middle lane,6011.0,IRON,-2.6599999999999966,-2.2556390977443637
Twitch,44.28,-5.99,44.23,4.54,10.07,0.0,bottom lane,12772.0,IRON,0.05000000000000426,0.0
Jayce,39.54,-5.34,44.23,1.19,0.91,-6.0,top lane,3341.0,IRON,-4.689999999999998,-1.2793176972281457
Bel'Veth,42.0,-5.09,44.23,1.22,0.83,-3.0,jungle lane,3424.0,IRON,-2.229999999999997,-1.3452914798206297
Thresh,43.83,-6.17,44.23,5.6,2.18,-2.0,support lane,15784.0,IRON,-0.3999999999999986,-5.000000000000018
Miss Fortune,46.36,-5.58,44.23,26.83,14.76,67.0,bottom lane,75547.0,IRON,2.1300000000000026,31.455399061032825
Dr. Mundo,46.79,-5.56,44.23,4.61,8.72,13.0,top lane,12973.0,IRON,2.5600000000000023,5.078124999999996
Lissandra,43.56,-5.85,44.23,1.69,1.13,-1.0,middle lane,4759.0,IRON,-0.6699999999999946,-1.492537313432848
Zyra,47.76,-5.46,44.23,3.44,3.31,13.0,support lane,9688.0,IRON,3.530000000000001,3.6827195467422085
Qiyana,38.24,-4.63,44.23,1.21,0.26,-7.0,middle lane,3418.0,IRON,-5.989999999999995,-1.1686143572621046
Anivia,43.3,-5.62,44.23,1.2,1.28,-1.0,middle lane,3386.0,IRON,-0.9299999999999997,-1.0752688172043015
Kayn,44.61,-6.23,44.23,10.85,6.11,4.0,jungle lane,30565.0,IRON,0.38000000000000256,10.526315789473614
Nilah,45.32,-6.25,44.23,1.05,1.34,1.0,bottom lane,2948.0,IRON,1.0900000000000034,0.9174311926605476
Corki,39.95,-7.67,44.23,0.69,0.3,-3.0,bottom lane,1940.0,IRON,-4.279999999999994,-0.7009345794392533
Rumble,42.4,-3.96,44.23,1.17,0.5,-2.0,top lane,3288.0,IRON,-1.8299999999999983,-1.092896174863389
Ahri,43.2,-5.36,44.23,11.86,5.78,-13.0,middle lane,33404.0,IRON,-1.029999999999994,-12.621359223301043
Vel'Koz,46.33,-6.09,44.23,2.97,1.75,6.0,support lane,8359.0,IRON,2.1000000000000014,2.8571428571428554
Vladimir,41.81,-7.19,44.23,1.63,2.42,-4.0,middle lane,4597.0,IRON,-2.4199999999999946,-1.6528925619834747
Riven,40.05,-3.21,44.23,1.75,0.47,-7.0,top lane,4926.0,IRON,-4.18,-1.674641148325359
Sivir,42.79,-3.0,44.23,2.5,1.33,-4.0,bottom lane,7053.0,IRON,-1.4399999999999977,-2.777777777777782
Sona,46.2,-4.1,44.23,3.02,0.39,6.0,support lane,8515.0,IRON,1.970000000000006,3.045685279187808
Udyr,43.24,-5.67,44.23,1.43,0.39,-1.0,jungle lane,4033.0,IRON,-0.9899999999999949,-1.0101010101010153
Nautilus,44.61,-5.37,44.23,9.37,10.45,4.0,support lane,26393.0,IRON,0.38000000000000256,10.526315789473614
Master Yi,43.65,-6.92,44.23,17.24,25.11,-13.0,jungle lane,48557.0,IRON,-0.5799999999999983,-22.41379310344834
Pantheon,43.84,-6.39,44.23,4.99,2.45,-2.0,support lane,14039.0,IRON,-0.38999999999999346,-5.128205128205214
Shen,43.64,-4.21,44.23,1.42,0.5,-1.0,top lane,3996.0,IRON,-0.5899999999999963,-1.6949152542372987
Ziggs,44.89,-5.6,44.23,2.4,1.44,2.0,bottom lane,6755.0,IRON,0.6600000000000037,3.0303030303030134
Yone,44.59,-6.9,44.23,12.64,10.13,5.0,middle lane,35603.0,IRON,0.36000000000000654,13.888888888888637
Gangplank,42.56,-3.67,44.23,1.25,1.03,-2.0,top lane,3522.0,IRON,-1.6699999999999946,-1.1976047904191656
Katarina,41.09,-6.66,44.23,3.75,5.01,-12.0,middle lane,10561.0,IRON,-3.1399999999999935,-3.821656050955422
Varus,42.34,-5.13,44.23,5.28,2.19,-10.0,bottom lane,14866.0,IRON,-1.8899999999999935,-5.291005291005309
Viktor,45.57,-4.9,44.23,2.21,1.38,3.0,middle lane,6228.0,IRON,1.3400000000000034,2.238805970149248
Hecarim,38.51,-6.44,44.23,2.94,0.62,-17.0,jungle lane,8279.0,IRON,-5.719999999999999,-2.9720279720279725
Bard,42.73,-5.62,44.23,1.63,0.66,-2.0,support lane,4582.0,IRON,-1.5,-1.3333333333333333
Soraka,44.96,-5.47,44.23,2.31,1.22,2.0,support lane,6512.0,IRON,0.730000000000004,2.7397260273972455
Nidalee,36.07,-5.09,44.23,0.67,0.25,-5.0,jungle lane,1891.0,IRON,-8.159999999999997,-0.612745098039216
Akali,42.28,-5.9,44.23,10.72,16.29,-25.0,middle lane,30184.0,IRON,-1.9499999999999957,-12.820512820512848
Kled,45.01,-5.6,44.23,0.81,0.64,1.0,top lane,2293.0,IRON,0.7800000000000011,1.2820512820512802
Rengar,38.34,-7.24,44.23,2.06,1.12,-12.0,jungle lane,5806.0,IRON,-5.8899999999999935,-2.0373514431239412
Zeri,40.4,-5.0,44.23,1.4,0.23,-5.0,bottom lane,3936.0,IRON,-3.8299999999999983,-1.3054830287206272
Kalista,41.29,-3.43,44.23,1.12,0.53,-3.0,bottom lane,3151.0,IRON,-2.9399999999999977,-1.0204081632653068
Tristana,42.75,-6.35,44.23,8.31,5.12,-13.0,bottom lane,23408.0,IRON,-1.4799999999999969,-8.783783783783802
Elise,40.23,-8.15,44.23,0.52,0.27,-2.0,jungle lane,1474.0,IRON,-4.0,-0.5
Lux,45.93,-5.78,44.23,21.41,27.97,51.0,support lane,60292.0,IRON,1.7000000000000028,29.99999999999995
Kayle,44.47,-5.36,44.23,3.54,2.35,1.0,top lane,9975.0,IRON,0.240000000000002,4.166666666666632
Zilean,45.04,-7.2,44.23,0.91,0.34,1.0,support lane,2549.0,IRON,0.8100000000000023,1.2345679012345645
Orianna,41.0,-5.84,44.23,1.59,0.63,-5.0,middle lane,4471.0,IRON,-3.229999999999997,-1.5479876160990726
Rammus,48.13,-4.75,44.23,2.51,5.68,10.0,jungle lane,7076.0,IRON,3.9000000000000057,2.5641025641025603
Camille,39.07,-4.32,44.23,0.81,0.42,-4.0,top lane,2268.0,IRON,-5.159999999999997,-0.7751937984496129
Briar,47.08,-6.03,44.23,7.97,14.92,27.0,jungle lane,22440.0,IRON,2.8500000000000014,9.473684210526311
Xayah,42.36,-6.72,44.23,2.77,0.6,-5.0,bottom lane,7797.0,IRON,-1.8699999999999974,-2.673796791443854
Pyke,42.67,-6.47,44.23,7.17,16.74,-13.0,support lane,20186.0,IRON,-1.5599999999999952,-8.333333333333359
Lillia,46.65,-5.32,44.23,3.23,1.96,8.0,jungle lane,9103.0,IRON,2.4200000000000017,3.30578512396694
Garen,44.87,-6.06,44.23,11.69,9.19,8.0,top lane,32907.0,IRON,0.6400000000000006,12.49999999999999
Shaco,41.93,-5.37,44.23,6.2,31.56,-21.0,jungle lane,17467.0,IRON,-2.299999999999997,-9.130434782608708
Syndra,43.34,-8.16,44.23,1.4,1.34,-1.0,middle lane,3929.0,IRON,-0.8899999999999935,-1.1235955056179858
Nocturne,45.44,-5.32,44.23,9.76,11.83,13.0,jungle lane,27494.0,IRON,1.2100000000000009,10.743801652892554
Brand,47.11,-5.12,44.23,5.72,11.5,19.0,support lane,16104.0,IRON,2.8800000000000026,6.597222222222216
Sylas,41.97,-6.66,44.23,6.87,9.51,-17.0,middle lane,19355.0,IRON,-2.259999999999998,-7.5221238938053165
Kha'Zix,38.33,-6.05,44.23,3.06,1.61,-18.0,jungle lane,8611.0,IRON,-5.899999999999999,-3.0508474576271194
Galio,45.23,-5.38,44.23,3.17,1.99,3.0,middle lane,8916.0,IRON,1.0,3.0
Darius,40.99,-6.2,44.23,8.92,17.3,-35.0,top lane,25123.0,IRON,-3.239999999999995,-10.802469135802486
Blitzcrank,44.87,-5.87,44.23,7.39,16.94,6.0,support lane,20824.0,IRON,0.6400000000000006,9.374999999999991
Zac,42.28,-6.63,44.23,1.15,0.35,-2.0,jungle lane,3226.0,IRON,-1.9499999999999957,-1.025641025641028
Malphite,45.5,-3.7,44.23,6.06,11.31,9.0,top lane,17072.0,IRON,1.2700000000000031,7.086614173228329
Akshan,40.73,-7.43,44.23,1.4,1.35,-5.0,middle lane,3936.0,IRON,-3.5,-1.4285714285714286
Senna,42.77,-5.55,44.23,3.8,1.2,-6.0,support lane,10690.0,IRON,-1.4599999999999937,-4.109589041095908
Lulu,42.33,-3.89,44.23,2.6,1.17,-5.0,support lane,7324.0,IRON,-1.8999999999999986,-2.631578947368423
Ivern,38.37,-6.54,44.23,0.6,0.31,-4.0,jungle lane,1676.0,IRON,-5.859999999999999,-0.6825938566552902
Tryndamere,44.51,-8.55,44.23,3.98,4.3,1.0,top lane,11203.0,IRON,0.28000000000000114,3.571428571428557
Leona,47.58,-5.65,44.23,6.78,8.39,25.0,support lane,19105.0,IRON,3.3500000000000014,7.462686567164176
Diana,44.57,-5.76,44.23,5.53,5.65,2.0,middle lane,15576.0,IRON,0.3400000000000034,5.8823529411764115
Sejuani,45.61,-5.17,44.23,1.5,0.21,2.0,jungle lane,4223.0,IRON,1.3800000000000026,1.449275362318838
Ornn,45.61,-2.56,44.23,2.2,0.54,3.0,top lane,6189.0,IRON,1.3800000000000026,2.1739130434782568
Kennen,41.59,-4.64,44.23,1.49,0.95,-4.0,top lane,4203.0,IRON,-2.6399999999999935,-1.515151515151519
Taliyah,39.23,-6.22,44.23,0.61,0.11,-3.0,middle lane,1708.0,IRON,-5.0,-0.6
Kindred,40.3,-6.17,44.23,3.01,0.64,-12.0,jungle lane,8474.0,IRON,-3.9299999999999997,-3.053435114503817
Warwick,45.31,-4.66,44.23,15.66,14.0,20.0,jungle lane,44103.0,IRON,1.0800000000000054,18.518518518518427
Ryze,43.1,-5.98,44.23,1.31,0.42,-1.0,middle lane,3682.0,IRON,-1.1299999999999955,-0.884955752212393
Aurora,42.08,-5.54,44.23,2.79,1.59,-6.0,middle lane,7854.0,IRON,-2.1499999999999986,-2.7906976744186065
Twisted Fate,41.62,-7.16,44.23,1.29,0.25,-3.0,middle lane,3626.0,IRON,-2.6099999999999994,-1.149425287356322
Nunu & Willump,43.1,-4.86,44.23,2.39,0.51,-3.0,jungle lane,6736.0,IRON,-1.1299999999999955,-2.654867256637179
Rakan,45.01,-3.51,44.23,1.86,0.32,1.0,support lane,5232.0,IRON,0.7800000000000011,1.2820512820512802
K'Sante,39.71,-5.86,44.23,1.9,0.87,-9.0,top lane,5364.0,IRON,-4.519999999999996,-1.9911504424778779
Amumu,47.46,-5.98,44.23,4.99,3.39,17.0,jungle lane,14061.0,IRON,3.230000000000004,5.263157894736835
Swain,45.79,-6.25,44.23,4.99,8.1,8.0,support lane,14064.0,IRON,1.5600000000000023,5.128205128205121
Aatrox,39.21,-6.82,44.23,4.15,5.39,-22.0,top lane,11674.0,IRON,-5.019999999999996,-4.382470119521916
Urgot,45.3,-7.14,44.23,2.74,2.26,3.0,top lane,7704.0,IRON,1.0700000000000003,2.8037383177570088
Vi,45.31,-6.28,44.23,4.4,0.76,5.0,jungle lane,12394.0,IRON,1.0800000000000054,4.629629629629607
LeBlanc,40.98,-6.16,44.23,2.73,9.45,-10.0,middle lane,7676.0,IRON,-3.25,-3.076923076923077
Fiddlesticks,41.89,-6.1,44.23,1.87,0.63,-4.0,jungle lane,5256.0,IRON,-2.3399999999999963,-1.7094017094017122
Mordekaiser,45.57,-6.12,44.23,13.77,18.43,23.0,top lane,38792.0,IRON,1.3400000000000034,17.16417910447757
Wukong,44.6,-5.98,44.23,2.46,0.56,1.0,jungle lane,6932.0,IRON,0.37000000000000455,2.7027027027026693
Braum,46.06,-4.44,44.23,4.16,1.62,8.0,support lane,11716.0,IRON,1.8300000000000054,4.371584699453539
Cassiopeia,41.52,-4.23,44.23,0.88,0.68,-2.0,middle lane,2471.0,IRON,-2.7099999999999937,-0.7380073800738024
Yorick,47.46,-6.78,44.23,5.22,15.69,20.0,top lane,14696.0,IRON,3.230000000000004,6.191950464396277
Alistar,43.65,-4.45,44.23,1.52,0.74,-1.0,support lane,4277.0,IRON,-0.5799999999999983,-1.7241379310344878
Teemo,47.58,-4.62,44.23,9.29,25.6,42.0,top lane,26169.0,IRON,3.3500000000000014,12.537313432835816
Evelynn,40.75,-5.34,44.23,2.43,1.19,-9.0,jungle lane,6839.0,IRON,-3.479999999999997,-2.5862068965517264
Janna,42.16,-4.9,44.23,0.79,0.14,-2.0,support lane,2232.0,IRON,-2.0700000000000003,-0.9661835748792269
Taric,46.69,-8.03,44.23,0.78,0.23,2.0,support lane,2189.0,IRON,2.460000000000001,0.8130081300813006
Volibear,44.38,-6.45,44.23,5.49,4.66,1.0,jungle lane,15449.0,IRON,0.15000000000000568,6.666666666666414
Gwen,42.34,-5.38,44.23,2.9,1.7,-6.0,top lane,8154.0,IRON,-1.8899999999999935,-3.1746031746031855
Nasus,45.4,-5.25,44.23,4.74,4.06,6.0,top lane,13361.0,IRON,1.1700000000000017,5.128205128205121
Zoe,41.35,-4.24,44.23,2.83,2.77,-8.0,middle lane,7973.0,IRON,-2.8799999999999955,-2.777777777777782
Fiora,39.88,-9.25,44.23,2.08,1.58,-9.0,top lane,5852.0,IRON,-4.349999999999994,-2.068965517241382
Heimerdinger,45.67,-4.21,44.23,3.61,10.66,6.0,top lane,10164.0,IRON,1.4400000000000048,4.166666666666653
Poppy,44.95,-5.66,44.23,1.26,0.58,1.0,support lane,3548.0,IRON,0.720000000000006,1.3888888888888773
Maokai,46.8,-5.48,44.23,2.27,0.4,6.0,support lane,6380.0,IRON,2.5700000000000003,2.3346303501945522
Hwei,43.43,-5.91,44.23,2.22,0.94,-2.0,middle lane,6259.0,IRON,-0.7999999999999972,-2.500000000000009
Veigar,46.26,-7.43,44.23,9.08,7.68,20.0,middle lane,25571.0,IRON,2.030000000000001,9.852216748768468
Sett,46.71,-6.32,44.23,11.17,6.62,30.0,top lane,31450.0,IRON,2.480000000000004,12.096774193548368
Fizz,44.68,-6.13,44.23,5.17,11.84,3.0,middle lane,14556.0,IRON,0.45000000000000284,6.666666666666624
Zaahen,41.42,-5.22,44.23,2.21,1.53,-6.0,top lane,6212.0,IRON,-2.809999999999995,-2.1352313167259824
Kassadin,39.54,-6.44,44.23,0.73,0.44,-3.0,middle lane,2069.0,IRON,-4.689999999999998,-0.6396588486140729
Neeko,43.74,-5.49,44.23,5.04,2.18,-3.0,support lane,14193.0,IRON,-0.4899999999999949,-6.1224489795919
Illaoi,47.16,-6.36,44.23,5.99,16.87,21.0,top lane,16856.0,IRON,2.9299999999999997,7.167235494880547
Malzahar,46.86,-5.41,44.23,6.46,18.4,21.0,middle lane,18179.0,IRON,2.6300000000000026,7.984790874524707
Renekton,44.21,-5.76,44.23,4.63,2.91,0.0,top lane,13035.0,IRON,-0.01999999999999602,0.0
Cho'Gath,44.32,-5.45,44.23,3.2,1.61,0.0,top lane,9009.0,IRON,0.09000000000000341,0.0
Gragas,40.87,-3.66,44.23,1.15,0.25,-4.0,top lane,3235.0,IRON,-3.3599999999999994,-1.1904761904761907
Trundle,44.73,-5.76,44.23,2.32,1.11,1.0,top lane,6523.0,IRON,0.5,2.0
Annie,41.56,-5.0,44.23,1.93,1.02,-5.0,middle lane,5428.0,IRON,-2.6699999999999946,-1.8726591760299662
Quinn,40.89,-5.56,44.23,1.34,1.18,-5.0,top lane,3764.0,IRON,-3.3399999999999963,-1.4970059880239537
Vex,43.82,-4.92,44.23,5.9,5.05,-3.0,middle lane,16606.0,IRON,-0.4099999999999966,-7.317073170731768
Renata Glasc,44.33,-4.39,44.23,0.58,0.15,0.0,support lane,1631.0,IRON,0.10000000000000142,0.0
Morgana,45.99,-5.55,44.23,12.25,23.07,28.0,support lane,34487.0,IRON,1.7600000000000051,15.909090909090862
Tahm Kench,45.2,-6.56,44.23,4.13,6.1,4.0,support lane,11641.0,IRON,0.970000000000006,4.12371134020616
Azir,39.13,-5.37,44.23,1.35,0.6,-7.0,middle lane,3810.0,IRON,-5.099999999999994,-1.3725490196078447
Gnar,40.53,-7.73,44.23,1.91,0.59,-7.0,top lane,5366.0,IRON,-3.6999999999999957,-1.891891891891894
Mel,42.8,-4.77,44.23,8.26,42.14,-20.0,support lane,23248.0,IRON,-1.4299999999999997,-13.986013986013988
Yuumi,31.77,-0.11,44.23,7.56,2.58,-97.0,support lane,21293.0,IRON,-12.459999999999997,-7.784911717495989
